2, 22, -20, 684, 332, 50, 105, 1.0
2, 33, 363, 306, 117, 50, 105, 1.0
2, 88, -361, 407, 92, 50, 105, 1.0
3, 22, 4, 409, 114, 106, 154, 1.0
3, 33, 363, 306, 117, 106, 154, 1.0
3, 88, -360, 407, 92, 106, 154, 1.0
1, 22, 17, 401, 47, 155, 197, 1.0
1, 33, 361, 304, 110, 155, 197, 1.0
1, 88, -366, 414, 73, 155, 197, 1.0
2, 22, 12, 402, 48, 198, 256, 1.0
2, 33, 363, 306, 116, 198, 256, 1.0
2, 88, -350, 422, 106, 198, 256, 1.0
10, 22, 13, 402, 47, 257, 400, 1.0
10, 33, 363, 306, 116, 257, 400, 1.0
10, 88, -165, 432, 179, 257, 400, 1.0
2, 22, 13, 404, 49, 401, 455, 1.0
2, 33, 363, 307, 116, 401, 455, 1.0
2, 88, -169, 415, 186, 401, 455, 1.0
3, 22, 13, 403, 48, 456, 499, 1.0
3, 33, 363, 306, 116, 456, 499, 1.0
3, 88, -349, 431, 139, 456, 499, 1.0
1, 22, 13, 401, 47, 500, 528, 1.0
1, 33, 363, 306, 116, 500, 528, 1.0
1, 88, -362, 422, 95, 500, 528, 1.0
2, 22, 13, 401, 47, 529, 574, 1.0
2, 33, 368, 307, 126, 529, 574, 1.0
2, 88, -363, 422, 89, 529, 574, 1.0
10, 22, 14, 401, 47, 575, 696, 1.0
10, 33, 226, 430, 188, 575, 696, 1.0
10, 88, -363, 422, 88, 575, 696, 1.0
2, 22, 15, 402, 48, 697, 728, 1.0
2, 33, 189, 415, 225, 697, 728, 1.0
2, 88, -362, 422, 90, 697, 728, 1.0
3, 22, 13, 403, 49, 729, 780, 1.0
3, 33, 327, 370, 139, 729, 780, 1.0
3, 88, -362, 422, 91, 729, 780, 1.0
2, 22, -7, 566, 340, 820, 873, 1.0
2, 33, 360, 331, 114, 820, 873, 1.0
2, 88, -327, 348, 92, 820, 873, 1.0
3, 22, 28, 348, 104, 874, 932, 1.0
3, 33, 359, 331, 113, 874, 932, 1.0
3, 88, -327, 348, 93, 874, 932, 1.0
1, 22, 22, 364, 32, 933, 985, 1.0
1, 33, 359, 331, 112, 933, 985, 1.0
1, 88, -327, 347, 92, 933, 985, 1.0
2, 22, 21, 293, 27, 986, 1100, 1.0
2, 33, 359, 331, 113, 986, 1100, 1.0
2, 88, -327, 350, 95, 986, 1100, 1.0
10, 22, 21, 293, 27, 1101, 1225, 1.0
10, 33, 359, 331, 113, 1101, 1225, 1.0
10, 88, -145, 400, 145, 1101, 1225, 1.0
2, 22, 21, 293, 27, 1226, 1255, 1.0
2, 33, 359, 331, 112, 1226, 1255, 1.0
2, 88, -110, 415, 125, 1226, 1255, 1.0
3, 22, 19, 295, 28, 1256, 1288, 1.0
3, 33, 359, 331, 112, 1256, 1288, 1.0
3, 88, -332, 360, 110, 1256, 1288, 1.0
1, 22, 20, 293, 27, 1289, 1315, 1.0
1, 33, 359, 331, 114, 1289, 1315, 1.0
1, 88, -343, 375, 101, 1289, 1315, 1.0
2, 22, 22, 293, 25, 1316, 1355, 1.0
2, 33, 360, 329, 119, 1316, 1355, 1.0
2, 88, -349, 362, 89, 1316, 1355, 1.0
10, 22, 21, 294, 27, 1356, 1458, 1.0
10, 33, 200, 388, 169, 1356, 1458, 1.0
10, 88, -350, 362, 90, 1356, 1458, 1.0
2, 22, 22, 293, 27, 1459, 1472, 1.0
2, 33, 212, 380, 193, 1459, 1472, 1.0
2, 88, -349, 363, 92, 1459, 1472, 1.0
3, 22, 21, 293, 26, 1473, 1518, 1.0
3, 33, 324, 366, 127, 1473, 1518, 1.0
3, 88, -350, 362, 92, 1473, 1518, 1.0
2, 22, 23, 720, 343, 1568, 1622, 1.0
2, 33, -346, 324, 115, 1568, 1622, 1.0
2, 88, 385, 328, 96, 1568, 1622, 1.0
3, 22, 43, 405, 108, 1623, 1676, 1.0
3, 33, -346, 324, 116, 1623, 1676, 1.0
3, 88, 384, 330, 96, 1623, 1676, 1.0
1, 22, 24, 395, 37, 1677, 1713, 1.0
1, 33, -346, 325, 114, 1677, 1713, 1.0
1, 88, 384, 330, 93, 1677, 1713, 1.0
5, 22, 39, 392, 32, 1714, 1812, 1.0
5, 88, 381, 342, 114, 1714, 1812, 1.0
5, 33, -346, 324, 115, 1714, 1812, 1.0
2, 22, 39, 392, 32, 1813, 1888, 1.0
2, 33, -346, 324, 115, 1813, 1888, 1.0
2, 88, 379, 349, 107, 1813, 1888, 1.0
10, 22, 38, 391, 32, 1889, 2082, 1.0
10, 33, -346, 324, 114, 1889, 2082, 1.0
10, 88, -107, 462, 177, 1889, 2082, 1.0
2, 22, 35, 322, 26, 2083, 2135, 1.0
2, 33, -346, 324, 113, 2083, 2135, 1.0
2, 88, -107, 452, 194, 2083, 2135, 1.0
3, 22, 36, 322, 27, 2136, 2177, 1.0
3, 33, -345, 325, 115, 2136, 2177, 1.0
3, 88, 371, 348, 123, 2136, 2177, 1.0
1, 22, 35, 322, 27, 2178, 2224, 1.0
1, 33, -346, 324, 115, 2178, 2224, 1.0
1, 88, 396, 329, 94, 2178, 2224, 1.0
2, 22, 39, 391, 33, 2225, 2266, 1.0
2, 33, -351, 323, 122, 2225, 2266, 1.0
2, 88, 395, 330, 94, 2225, 2266, 1.0
10, 22, 36, 322, 27, 2267, 2376, 1.0
10, 33, -179, 387, 202, 2267, 2376, 1.0
10, 88, 396, 330, 93, 2267, 2376, 1.0
2, 22, 39, 391, 32, 2377, 2401, 1.0
2, 33, -181, 412, 220, 2377, 2401, 1.0
2, 88, 396, 330, 93, 2377, 2401, 1.0
3, 22, 36, 327, 24, 2402, 2439, 1.0
3, 33, -346, 347, 140, 2402, 2439, 1.0
3, 88, 394, 329, 89, 2402, 2439, 1.0
2, 22, 25, 586, 361, 2489, 2529, 1.0
2, 33, 426, 405, 119, 2489, 2529, 1.0
2, 88, -365, 342, 95, 2489, 2529, 1.0
3, 22, 12, 403, 116, 2530, 2579, 1.0
3, 33, 427, 405, 115, 2530, 2579, 1.0
3, 88, -364, 342, 93, 2530, 2579, 1.0
1, 22, 20, 381, 31, 2580, 2613, 1.0
1, 33, 426, 406, 116, 2580, 2613, 1.0
1, 88, -364, 342, 94, 2580, 2613, 1.0
5, 22, 21, 381, 32, 2614, 2697, 1.0
5, 88, -359, 346, 104, 2614, 2697, 1.0
5, 33, 426, 405, 119, 2614, 2697, 1.0
1, 22, 20, 382, 31, 2698, 2733, 1.0
1, 33, 426, 405, 116, 2698, 2733, 1.0
1, 88, -365, 342, 94, 2698, 2733, 1.0
2, 22, 19, 311, 27, 2734, 2789, 1.0
2, 33, 426, 406, 117, 2734, 2789, 1.0
2, 88, -366, 349, 98, 2734, 2789, 1.0
10, 22, 19, 311, 28, 2790, 2959, 1.0
10, 33, 426, 405, 119, 2790, 2959, 1.0
10, 88, -160, 401, 194, 2790, 2959, 1.0
2, 22, 22, 381, 31, 2960, 2991, 1.0
2, 33, 427, 405, 118, 2960, 2991, 1.0
2, 88, -135, 373, 223, 2960, 2991, 1.0
3, 22, 20, 381, 31, 2992, 3013, 1.0
3, 33, 426, 405, 116, 2992, 3013, 1.0
3, 88, -387, 373, 145, 2992, 3013, 1.0
1, 22, 17, 312, 27, 3014, 3045, 1.0
1, 33, 426, 405, 117, 3014, 3045, 1.0
1, 88, -400, 344, 96, 3014, 3045, 1.0
2, 22, 22, 381, 32, 3046, 3099, 1.0
2, 33, 429, 405, 124, 3046, 3099, 1.0
2, 88, -403, 334, 94, 3046, 3099, 1.0
10, 22, 19, 311, 28, 3100, 3179, 1.0
10, 33, 208, 410, 246, 3100, 3179, 1.0
10, 88, -402, 335, 93, 3100, 3179, 1.0
2, 22, 19, 311, 27, 3180, 3195, 1.0
2, 33, 242, 389, 180, 3180, 3195, 1.0
2, 88, -402, 334, 93, 3180, 3195, 1.0
3, 22, 16, 312, 26, 3196, 3231, 1.0
3, 33, 339, 365, 150, 3196, 3231, 1.0
3, 88, -402, 333, 95, 3196, 3231, 1.0
1, 77, 265, 348, 121, 3266, 3296, 1.0
1, 111, -320, 420, 32, 3266, 3296, 1.0
5, 77, 257, 355, 135, 3297, 3373, 1.0
5, 111, -319, 421, 31, 3297, 3373, 1.0
1, 77, 252, 352, 109, 3374, 3396, 1.0
1, 111, -318, 419, 32, 3374, 3396, 1.0
2, 77, 254, 360, 130, 3397, 3465, 1.0
2, 111, -318, 420, 32, 3397, 3465, 1.0
8, 77, 252, 349, 108, 3466, 3493, 1.0
8, 111, -318, 419, 31, 3466, 3493, 1.0
1, 77, 255, 351, 110, 3494, 3527, 1.0
1, 111, -318, 420, 31, 3494, 3527, 1.0
2, 77, 250, 357, 116, 3528, 3554, 1.0
2, 111, -338, 425, 39, 3528, 3554, 1.0
9, 77, 253, 350, 115, 3555, 3633, 1.0
9, 111, -52, 430, 661, 3555, 3633, 1.0
2, 77, 253, 349, 109, 3634, 3656, 1.0
2, 111, -128, 394, 610, 3634, 3656, 1.0
3, 77, 251, 351, 106, 3657, 3693, 1.0
3, 111, -334, 384, 99, 3657, 3693, 1.0
1, 77, 254, 345, 109, 3738, 3778, 1.0
1, 111, -356, 382, 37, 3738, 3778, 1.0
5, 77, 255, 348, 134, 3779, 3911, 1.0
5, 111, -356, 382, 36, 3779, 3911, 1.0
1, 77, 249, 334, 102, 3912, 3939, 1.0
1, 111, -358, 389, 33, 3912, 3939, 1.0
2, 77, 253, 343, 127, 3940, 4010, 1.0
2, 111, -358, 388, 34, 3940, 4010, 1.0
8, 77, 253, 334, 104, 4011, 4045, 1.0
8, 111, -357, 389, 34, 4011, 4045, 1.0
1, 77, 251, 332, 104, 4046, 4076, 1.0
1, 111, -358, 388, 33, 4046, 4076, 1.0
2, 77, 252, 332, 106, 4077, 4133, 1.0
2, 111, -356, 388, 31, 4077, 4133, 1.0
9, 77, 255, 333, 110, 4134, 4258, 1.0
9, 111, -92, 369, 663, 4134, 4258, 1.0
2, 77, 252, 332, 99, 4259, 4293, 1.0
2, 111, -81, 652, 566, 4259, 4293, 1.0
3, 77, 253, 333, 106, 4294, 4337, 1.0
3, 111, -363, 423, 109, 4294, 4337, 1.0
1, 77, 297, 347, 86, 4382, 4424, 1.0
1, 111, -289, 393, 113, 4382, 4424, 1.0
5, 77, 295, 331, 96, 4425, 4504, 1.0
5, 111, -289, 394, 112, 4425, 4504, 1.0
1, 77, 289, 333, 70, 4505, 4520, 1.0
1, 111, -288, 394, 112, 4505, 4520, 1.0
2, 77, 291, 339, 81, 4521, 4555, 1.0
2, 111, -287, 372, 87, 4521, 4555, 1.0
1, 77, 292, 347, 80, 4556, 4597, 1.0
1, 111, -288, 395, 105, 4556, 4597, 1.0
2, 77, 290, 333, 69, 4598, 4627, 1.0
2, 111, -292, 409, 116, 4598, 4627, 1.0
2, 77, 290, 333, 68, 4628, 4637, 1.0
2, 111, -77, 627, 173, 4628, 4637, 1.0
8, 77, 290, 333, 70, 4638, 4659, 1.0
8, 111, -112, 409, 307, 4638, 4659, 1.0
2, 77, 289, 333, 70, 4660, 4681, 1.0
2, 111, -113, 369, 335, 4660, 4681, 1.0
9, 77, 290, 333, 70, 4682, 4782, 1.0
9, 111, -67, 631, 524, 4682, 4782, 1.0
2, 77, 291, 333, 68, 4783, 4817, 1.0
2, 111, -35, 646, 623, 4783, 4817, 1.0
3, 77, 290, 333, 69, 4818, 4867, 1.0
3, 111, -342, 412, 151, 4818, 4867, 1.0
4, 33, -429, 464, 13, 4868, 4912, 1.0
1, 33, -442, 467, 14, 4913, 4971, 1.0
2, 33, -451, 457, 13, 4972, 5031, 1.0
3, 33, -445, 465, 14, 5032, 5063, 1.0
1, 33, -456, 451, 12, 5064, 5094, 1.0
2, 33, -457, 488, 20, 5095, 5140, 1.0
3, 33, -139, 305, 175, 5141, 5173, 1.0
1, 33, -121, 311, 122, 5174, 5207, 1.0
2, 33, -121, 311, 121, 5208, 5263, 1.0
3, 33, -119, 300, 123, 5264, 5307, 1.0
4, 33, -104, 240, 105, 5308, 5357, 1.0
4, 44, -493, 553, -6, 5358, 5387, 1.0
1, 44, -415, 650, -2, 5388, 5439, 1.0
2, 44, -529, 586, -1, 5440, 5491, 1.0
3, 44, 187, 645, 24, 5492, 5535, 1.0
1, 44, 273, 652, 12, 5536, 5559, 1.0
2, 44, 234, 655, 11, 5560, 5605, 1.0
3, 44, 93, 580, 0, 5606, 5638, 1.0
1, 44, 0, 0, 0, 5639, 5675, 1.0
2, 44, 0, 0, 0, 5676, 5712, 1.0
3, 44, 0, 0, 0, 5713, 5742, 1.0
4, 44, 0, 0, 0, 5743, 5795, 1.0
4, 22, -385, 502, 22, 5796, 6305, 1.0
1, 22, -371, 500, 33, 6306, 6345, 1.0
2, 22, -372, 501, 31, 6346, 6400, 1.0
3, 22, -369, 506, 24, 6401, 6440, 1.0
1, 22, -375, 497, 32, 6441, 6491, 1.0
2, 22, -354, 485, 58, 6492, 6542, 1.0
3, 22, 194, 475, 163, 6543, 6579, 1.0
4, 22, 240, 554, 79, 6580, 6656, 1.0
4, 22, -28, 530, 79, 6657, 6821, 1.0
1, 22, -28, 528, 79, 6822, 6864, 1.0
2, 22, -36, 507, 88, 6865, 6902, 1.0
3, 22, -373, 535, 66, 6903, 6925, 1.0
1, 22, -389, 540, 32, 6926, 6966, 1.0
2, 22, -389, 539, 33, 6967, 7016, 1.0
3, 22, -403, 600, 38, 7017, 7038, 1.0
4, 22, -402, 599, 40, 7039, 7099, 1.0
4, 44, -105, 611, 20, 7100, 7529, 1.0
1, 44, -97, 984, -47, 7530, 7572, 1.0
2, 44, -109, 601, 35, 7573, 7609, 1.0
3, 44, -418, 629, 44, 7610, 7636, 1.0
1, 44, -410, 701, 5, 7637, 7666, 1.0
2, 44, -439, 633, -5, 7667, 7711, 1.0
3, 44, -418, 608, -6, 7712, 7743, 1.0
1, 44, -441, 604, -5, 7744, 7799, 1.0
2, 44, -440, 647, -3, 7800, 7838, 1.0
3, 44, -382, 451, 59, 7839, 7863, 1.0
4, 44, -452, 452, 59, 7864, 7902, 1.0
4, 33, -110, 471, 168, 7903, 8226, 1.0
1, 33, -111, 467, 168, 8227, 8252, 1.0
2, 33, -118, 476, 168, 8253, 8288, 1.0
3, 33, -468, 559, 86, 8289, 8317, 1.0
1, 33, -470, 488, 11, 8318, 8340, 1.0
2, 33, -465, 520, 15, 8341, 8373, 1.0
3, 33, -471, 492, 12, 8374, 8384, 1.0
1, 33, -459, 526, 15, 8385, 8402, 1.0
2, 33, -471, 491, 12, 8403, 8429, 1.0
3, 33, -379, 299, 98, 8430, 8456, 1.0
4, 33, -462, 507, 12, 8457, 8510, 1.0
4, 55, -407, 944, 129, 8511, 8545, 1.0
1, 55, -409, 944, 129, 8546, 8594, 1.0
1, 33, -395, 204, 22, 8546, 8594, 1.0
5, 55, -404, 942, 125, 8595, 8708, 1.0
5, 33, -365, 136, 5, 8595, 8708, 1.0
1, 55, -492, 1097, 176, 8709, 8732, 1.0
1, 33, -395, 203, 22, 8709, 8732, 1.0
2, 55, -490, 1116, 158, 8733, 8815, 1.0
2, 33, -392, 208, 23, 8733, 8815, 1.0
3, 55, -409, 1004, 143, 8816, 8855, 1.0
3, 33, -457, 987, 63, 8816, 8855, 1.0
4, 55, -400, 973, 100, 8856, 8869, 1.0
4, 33, -437, 1027, 63, 8856, 8869, 1.0
1, 55, -393, 1030, 126, 8870, 8891, 1.0
1, 33, -433, 1021, 60, 8870, 8891, 1.0
6, 55, -361, 1033, 106, 8892, 8983, 1.0
6, 33, -404, 990, 60, 8892, 8983, 1.0
4, 55, -402, 943, 135, 8984, 9005, 1.0
4, 55, -408, 946, 131, 9006, 9035, 1.0
1, 55, -408, 950, 133, 9036, 9076, 1.0
5, 55, -405, 944, 128, 9077, 9183, 1.0
5, 22, -431, 263, 33, 9077, 9183, 1.0
1, 55, -393, 1086, 83, 9184, 9215, 1.0
1, 22, -432, 264, 33, 9184, 9215, 1.0
2, 55, -461, 1111, 160, 9216, 9265, 1.0
2, 22, -413, 267, 38, 9216, 9265, 1.0
3, 55, -407, 949, 136, 9266, 9305, 1.0
3, 22, -404, 913, 98, 9266, 9305, 1.0
1, 55, -393, 1021, 136, 9306, 9333, 1.0
1, 22, -514, 1111, 82, 9306, 9333, 1.0
6, 55, -351, 1029, 90, 9334, 9433, 1.0
6, 22, -476, 1011, 75, 9334, 9433, 1.0
4, 55, -409, 956, 128, 9434, 9458, 1.0
1, 55, -411, 957, 127, 9459, 9494, 1.0
5, 55, -408, 960, 124, 9495, 9622, 1.0
5, 22, -425, 370, 45, 9495, 9622, 1.0
1, 55, -356, 982, 54, 9623, 9649, 1.0
1, 22, -422, 297, 36, 9623, 9649, 1.0
2, 55, -283, 529, 190, 9650, 9703, 1.0
2, 22, -413, 368, 54, 9650, 9703, 1.0
3, 55, -386, 1003, 141, 9704, 9743, 1.0
3, 22, -431, 921, 101, 9704, 9743, 1.0
1, 55, -385, 997, 146, 9744, 9767, 1.0
1, 22, -498, 1047, 91, 9744, 9767, 1.0
6, 55, -370, 1038, 109, 9768, 9863, 1.0
6, 22, -478, 1064, 88, 9768, 9863, 1.0
4, 55, -404, 947, 135, 9864, 9995, 1.0
4, 55, -660, 894, 180, 9996, 10040, 1.0
4, 33, -530, 241, 65, 9996, 10040, 1.0
1, 55, -661, 897, 181, 10041, 10104, 1.0
1, 33, -523, 246, 64, 10041, 10104, 1.0
5, 55, -656, 894, 180, 10105, 10166, 1.0
5, 33, -529, 243, 65, 10105, 10166, 1.0
1, 55, -674, 1023, 142, 10167, 10188, 1.0
1, 33, -524, 253, 63, 10167, 10188, 1.0
2, 55, -693, 1015, 179, 10189, 10266, 1.0
2, 33, -526, 314, 78, 10189, 10266, 1.0
3, 55, -676, 836, 138, 10267, 10317, 1.0
3, 33, -715, 968, 168, 10267, 10317, 1.0
1, 55, -687, 940, 148, 10318, 10337, 1.0
1, 33, -736, 961, 101, 10318, 10337, 1.0
6, 55, -644, 962, 128, 10338, 10397, 1.0
6, 33, -771, 1007, 104, 10338, 10397, 1.0
4, 55, -676, 906, 173, 10398, 10437, 1.0
4, 33, 0, 0, 0, 10398, 10437, 1.0
4, 55, -664, 903, 178, 10438, 10507, 1.0
4, 22, -515, 221, 88, 10438, 10507, 1.0
1, 55, -663, 904, 178, 10508, 10558, 1.0
1, 22, -514, 221, 88, 10508, 10558, 1.0
5, 55, -664, 901, 169, 10559, 10624, 1.0
5, 22, -526, 222, 78, 10559, 10624, 1.0
1, 55, -664, 801, 216, 10625, 10655, 1.0
1, 22, -515, 222, 88, 10625, 10655, 1.0
2, 55, -814, 873, 178, 10656, 10719, 1.0
2, 22, -516, 223, 88, 10656, 10719, 1.0
3, 55, -677, 823, 194, 10720, 10754, 1.0
3, 22, -724, 962, 119, 10720, 10754, 1.0
1, 55, -746, 872, 169, 10755, 10769, 1.0
1, 22, -803, 1092, 133, 10755, 10769, 1.0
6, 55, -659, 753, 219, 10770, 10814, 1.0
6, 22, -765, 1106, 138, 10770, 10814, 1.0
4, 55, -644, 872, 191, 10815, 11004, 1.0
4, 22, 0, 0, 0, 10815, 11004, 1.0
4, 55, -661, 906, 179, 11005, 11034, 1.0
4, 111, -605, 377, 93, 11005, 11034, 1.0
1, 55, -664, 909, 181, 11035, 11084, 1.0
1, 111, -605, 376, 93, 11035, 11084, 1.0
5, 55, -659, 903, 177, 11085, 11150, 1.0
5, 111, -604, 377, 93, 11085, 11150, 1.0
1, 55, -695, 783, 216, 11151, 11176, 1.0
1, 111, -606, 376, 94, 11151, 11176, 1.0
2, 55, -837, 813, 189, 11177, 11236, 1.0
2, 111, -596, 376, 109, 11177, 11236, 1.0
3, 55, -710, 837, 194, 11237, 11283, 1.0
3, 111, -688, 899, 159, 11237, 11283, 1.0
1, 55, -733, 813, 166, 11284, 11301, 1.0
1, 111, -718, 970, 134, 11284, 11301, 1.0
6, 55, -707, 815, 182, 11302, 11348, 1.0
6, 111, -718, 978, 139, 11302, 11348, 1.0
4, 55, -655, 903, 185, 11349, 11396, 1.0
4, 111, 0, 0, 0, 11349, 11396, 1.0
4, 99, 1077, 1119, -613, 11397, 11418, 1.0
1, 99, 1078, 1119, -613, 11419, 11523, 1.0
2, 99, 1072, 1107, -603, 11524, 11665, 1.0
4, 33, 1137, 563, -619, 11666, 11700, 1.0
1, 33, 1137, 563, -619, 11701, 11774, 1.0
2, 33, 1115, 527, -601, 11775, 11874, 1.0
4, 33, 1052, 639, -621, 11875, 11900, 1.0
1, 33, 1052, 640, -622, 11901, 11976, 1.0
2, 33, 1022, 598, -598, 11977, 12070, 1.0
4, 33, 693, 984, -75, 12071, 12112, 1.0
4, 33, 585, 773, -287, 12113, 12142, 1.0
1, 33, 586, 773, -287, 12143, 12222, 1.0
2, 33, 583, 780, -284, 12223, 12387, 1.0
3, 33, 108, 1575, 787, 12388, 12427, 1.0
4, 33, 145, 615, 194, 12428, 12454, 1.0
2, 33, 149, 617, 194, 12455, 12606, 1.0
3, 33, 300, 1340, 902, 12607, 12667, 1.0
4, 33, 36, 889, -211, 12668, 12709, 1.0
1, 33, 37, 889, -212, 12710, 12770, 1.0
2, 33, 36, 907, -207, 12771, 12891, 1.0
3, 33, -132, 1821, 530, 12892, 12935, 1.0
4, 55, 31, 869, 146, 12936, 12966, 1.0
1, 55, 29, 870, 146, 12967, 13011, 1.0
5, 55, 33, 869, 143, 13012, 13141, 1.0
5, 33, 0, 0, 0, 13012, 13141, 1.0
1, 55, -71, 803, 207, 13142, 13187, 1.0
1, 33, 0, 0, 0, 13142, 13187, 1.0
2, 55, 56, 832, 168, 13188, 13303, 1.0
2, 33, -18, 911, 98, 13188, 13303, 1.0
3, 55, 52, 836, 168, 13304, 13335, 1.0
3, 33, 100, 944, 322, 13304, 13335, 1.0
1, 55, 83, 853, 175, 13336, 13385, 1.0
1, 33, 0, 0, 0, 13336, 13385, 1.0
6, 55, 168, 885, 123, 13386, 13495, 1.0
6, 33, 0, 0, 0, 13386, 13495, 1.0
4, 55, 38, 880, 143, 13496, 13518, 1.0
1, 55, 39, 879, 143, 13519, 13563, 1.0
5, 55, 44, 880, 141, 13564, 13670, 1.0
5, 22, 0, 0, 0, 13564, 13670, 1.0
1, 55, 34, 707, 244, 13671, 13710, 1.0
1, 22, 0, 0, 0, 13671, 13710, 1.0
2, 55, 46, 874, 157, 13711, 13814, 1.0
2, 22, -12, 955, 107, 13711, 13814, 1.0
3, 55, 60, 850, 167, 13815, 13843, 1.0
3, 22, 39, 986, 329, 13815, 13843, 1.0
1, 55, 59, 849, 170, 13844, 13883, 1.0
1, 22, 43, 946, 303, 13844, 13883, 1.0
6, 55, -10, 683, 251, 13884, 13988, 1.0
6, 22, 0, 0, 0, 13884, 13988, 1.0
4, 55, 422, 932, 148, 13989, 14010, 1.0
4, 111, 0, 0, 0, 13989, 14010, 1.0
1, 55, 418, 932, 148, 14011, 14071, 1.0
1, 111, 0, 0, 0, 14011, 14071, 1.0
5, 55, 414, 885, 165, 14072, 14209, 1.0
5, 111, 0, 0, 0, 14072, 14209, 1.0
1, 55, 446, 958, 148, 14210, 14298, 1.0
1, 111, 396, 1020, 97, 14210, 14298, 1.0
2, 55, 430, 914, 164, 14299, 14447, 1.0
2, 111, 396, 760, 169, 14299, 14447, 1.0
3, 55, 455, 952, 159, 14448, 14492, 1.0
3, 111, 424, 959, 346, 14448, 14492, 1.0
1, 55, 445, 947, 158, 14493, 14521, 1.0
1, 111, 425, 964, 339, 14493, 14521, 1.0
6, 55, 455, 955, 159, 14522, 14624, 1.0
6, 111, 447, 979, 331, 14522, 14624, 1.0
4, 11, 463, 856, -616, 14625, 14660, 1.0
1, 11, 462, 857, -616, 14661, 14720, 1.0
2, 11, 458, 876, -610, 14721, 14811, 1.0
4, 11, -211, 1002, -76, 14812, 14857, 1.0
4, 99, 528, 858, -617, 14858, 14894, 1.0
1, 99, 529, 861, -617, 14895, 14972, 1.0
2, 99, 525, 858, -610, 14973, 15078, 1.0
4, 99, -214, 1009, -76, 15079, 15124, 1.0
4, 22, 940, 1110, -642, 15125, 15155, 1.0
1, 22, 940, 1111, -642, 15156, 15235, 1.0
2, 22, 940, 1072, -633, 15236, 15312, 1.0
4, 22, 244, 920, -140, 15313, 15352, 1.0
4, 111, 242, 985, -63, 15353, 15384, 1.0
2, 111, 242, 983, -63, 15385, 15438, 1.0
8, 111, 242, 984, -63, 15439, 15483, 1.0
2, 111, 245, 972, -62, 15484, 15533, 1.0
4, 111, 245, 972, -62, 15534, 15577, 1.0
2, 111, 245, 969, -57, 15578, 15622, 1.0
9, 111, 279, 1107, 238, 15631, 15668, 1.0
2, 111, 287, 1052, 240, 15669, 15707, 1.0
4, 111, 226, 969, -67, 15708, 15724, 1.0
2, 111, 229, 969, -71, 15725, 15762, 1.0
8, 111, 229, 969, -71, 15763, 15794, 1.0
2, 111, 234, 948, -69, 15795, 15834, 1.0
4, 111, 232, 965, -69, 15835, 15892, 1.0
2, 111, 248, 951, -62, 15893, 15931, 1.0
9, 111, 275, 1091, 241, 15932, 15984, 1.0
2, 111, 278, 1047, 256, 15985, 16025, 1.0
4, 111, 250, 982, -64, 16026, 16090, 1.0
2, 111, 242, 984, -66, 16091, 16135, 1.0
8, 111, 242, 984, -66, 16136, 16219, 1.0
2, 111, 242, 984, -66, 16220, 16264, 1.0
4, 111, 242, 985, -66, 16265, 16288, 1.0
4, 111, 251, 994, -62, 16289, 16312, 1.0
2, 111, 255, 980, -61, 16313, 16379, 1.0
8, 111, 251, 993, -62, 16380, 16432, 1.0
2, 111, 251, 990, -61, 16433, 16479, 1.0
4, 111, 251, 997, -63, 16480, 16532, 1.0
2, 111, 251, 998, -63, 16533, 16571, 1.0
8, 111, 251, 998, -64, 16572, 16625, 1.0
2, 111, 251, 996, -63, 16626, 16667, 1.0
4, 111, 251, 996, -63, 16668, 16706, 1.0
2, 111, 261, 1009, -48, 16707, 16747, 1.0
9, 111, 278, 1059, 237, 16748, 16814, 1.0
2, 111, 265, 1023, 266, 16815, 16840, 1.0
4, 111, 248, 992, -67, 16841, 16888, 1.0
2, 111, 249, 1012, -61, 16889, 16941, 1.0
8, 111, 249, 1011, -61, 16942, 16987, 1.0
2, 111, 249, 1012, -61, 16988, 17026, 1.0
4, 111, 249, 1011, -61, 17027, 17060, 1.0
2, 111, 249, 1012, -61, 17061, 17112, 1.0
8, 111, 254, 993, -60, 17113, 17158, 1.0
2, 111, 249, 1013, -61, 17159, 17190, 1.0
4, 111, 249, 1012, -61, 17191, 17240, 1.0
2, 111, 249, 1011, -61, 17241, 17274, 1.0
8, 111, 249, 1013, -61, 17275, 17306, 1.0
2, 111, 249, 1015, -62, 17307, 17344, 1.0
4, 111, 249, 1011, -61, 17345, 17384, 1.0
4, 111, 217, 916, 22, 17385, 17414, 1.0
2, 111, 218, 967, 21, 17415, 17444, 1.0
8, 111, 214, 907, 27, 17445, 17502, 1.0
2, 111, 215, 904, 28, 17503, 17592, 1.0
4, 111, 214, 907, 26, 17593, 17654, 1.0
2, 111, 215, 905, 26, 17655, 17684, 1.0
8, 111, 214, 908, 26, 17685, 17755, 1.0
2, 111, 215, 908, 26, 17756, 17815, 1.0
4, 111, 215, 905, 26, 17816, 17871, 1.0
2, 111, 208, 908, 23, 17872, 17925, 1.0
9, 111, 149, 1053, 321, 17926, 17994, 1.0
2, 111, 151, 1032, 346, 17995, 18041, 1.0
4, 111, 106, 751, 18, 18042, 18099, 1.0
2, 111, 110, 878, 1, 18100, 18134, 1.0
8, 111, 204, 1010, 52, 18135, 18196, 1.0
2, 111, 194, 1166, 35, 18197, 18252, 1.0
4, 111, 210, 923, 19, 18253, 18403, 1.0
4, 33, 268, 456, 53, 18404, 18427, 1.0
1, 33, 272, 462, 50, 18428, 18468, 1.0
2, 33, 271, 453, 58, 18469, 18602, 1.0
3, 33, 494, 1493, 721, 18603, 18645, 1.0
4, 11, -50, 385, 89, 18646, 18674, 1.0
1, 11, -49, 386, 89, 18675, 18717, 1.0
2, 11, -48, 378, 94, 18718, 18841, 1.0
3, 11, 441, 1497, 677, 18842, 18889, 1.0
4, 33, 88, 512, 58, 18890, 18919, 1.0
1, 33, 88, 512, 58, 18920, 18977, 1.0
2, 33, 91, 520, 63, 18978, 19118, 1.0
3, 33, 758, 1400, 764, 19119, 19183, 1.0
4, 55, 128, 831, 157, 19184, 19234, 1.0
1, 55, 128, 831, 157, 19235, 19279, 1.0
1, 111, 0, 0, 0, 19235, 19279, 1.0
5, 55, 131, 821, 160, 19280, 19349, 1.0
5, 111, 0, 0, 0, 19280, 19349, 1.0
1, 55, 120, 637, 233, 19350, 19397, 1.0
1, 111, 0, 0, 0, 19350, 19397, 1.0
2, 55, 46, 701, 206, 19398, 19479, 1.0
2, 111, 0, 0, 0, 19398, 19479, 1.0
3, 55, 131, 816, 170, 19480, 19507, 1.0
3, 111, 276, 234, 84, 19480, 19507, 1.0
1, 55, 130, 815, 170, 19508, 19529, 1.0
1, 111, 274, 258, 50, 19508, 19529, 1.0
6, 55, 111, 621, 238, 19530, 19603, 1.0
6, 111, 270, 259, 46, 19530, 19603, 1.0
4, 55, 128, 832, 157, 19604, 19641, 1.0
1, 55, 129, 832, 157, 19642, 19684, 1.0
5, 55, 130, 824, 159, 19685, 19757, 1.0
5, 22, 0, 0, 0, 19685, 19757, 1.0
1, 55, 111, 641, 229, 19758, 19798, 1.0
1, 22, 0, 0, 0, 19758, 19798, 1.0
2, 55, 57, 693, 201, 19799, 19868, 1.0
2, 22, 121, 493, 215, 19799, 19868, 1.0
3, 55, 137, 810, 163, 19869, 19891, 1.0
3, 22, 296, 340, 74, 19869, 19891, 1.0
1, 55, 140, 807, 162, 19892, 19909, 1.0
1, 22, 282, 324, 48, 19892, 19909, 1.0
6, 55, 112, 643, 229, 19910, 19997, 1.0
6, 22, 281, 328, 47, 19910, 19997, 1.0
4, 55, 127, 832, 157, 19998, 20028, 1.0
1, 55, 129, 832, 156, 20029, 20065, 1.0
5, 55, 129, 822, 159, 20066, 20118, 1.0
5, 111, 0, 0, 0, 20066, 20118, 1.0
1, 55, 115, 684, 215, 20119, 20159, 1.0
1, 111, 0, 0, 0, 20119, 20159, 1.0
2, 55, 59, 701, 198, 20160, 20225, 1.0
2, 111, 0, 0, 0, 20160, 20225, 1.0
3, 55, 133, 791, 172, 20226, 20247, 1.0
3, 111, 342, 330, 84, 20226, 20247, 1.0
1, 55, 132, 792, 172, 20248, 20272, 1.0
1, 111, 354, 317, 66, 20248, 20272, 1.0
6, 55, 118, 679, 212, 20273, 20344, 1.0
6, 111, 349, 338, 56, 20273, 20344, 1.0
4, 55, 145, 731, 146, 20345, 20391, 1.0
4, 66, 494, 172, 21, 20345, 20391, 1.0
1, 55, 144, 732, 146, 20392, 20424, 1.0
1, 66, 496, 172, 21, 20392, 20424, 1.0
2, 55, 143, 733, 147, 20425, 20439, 1.0
2, 66, 503, 171, 40, 20425, 20439, 1.0
1, 55, 144, 732, 147, 20440, 20482, 1.0
1, 66, 477, 228, 126, 20440, 20482, 1.0
5, 55, 146, 722, 150, 20483, 20541, 1.0
5, 66, 449, 188, 19, 20483, 20541, 1.0
1, 55, 235, 256, 300, 20542, 20572, 1.0
1, 66, 450, 189, 18, 20542, 20572, 1.0
2, 55, 169, 791, 151, 20573, 20615, 1.0
2, 66, 463, 215, 29, 20573, 20615, 1.0
7, 55, 182, 652, 218, 20616, 20726, 1.0
7, 66, 147, 663, 186, 20616, 20726, 1.0
2, 55, 191, 649, 180, 20727, 20760, 1.0
2, 66, 167, 688, 99, 20727, 20760, 1.0
3, 55, 168, 791, 153, 20761, 20785, 1.0
3, 66, 428, 171, 105, 20761, 20785, 1.0
1, 55, 169, 792, 149, 20786, 20803, 1.0
1, 66, 428, 162, 50, 20786, 20803, 1.0
6, 55, 238, 826, 76, 20804, 20885, 1.0
6, 66, 432, 146, 24, 20804, 20885, 1.0
4, 55, 142, 733, 146, 20886, 20907, 1.0
4, 66, 435, 148, 23, 20886, 20907, 1.0
1, 55, 143, 731, 145, 20908, 20941, 1.0
1, 66, 431, 151, 24, 20908, 20941, 1.0
5, 55, 151, 718, 150, 20942, 21023, 1.0
5, 66, 436, 148, 24, 20942, 21023, 1.0
1, 55, 233, 826, 81, 21024, 21040, 1.0
1, 66, 433, 150, 25, 21024, 21040, 1.0
2, 55, 152, 797, 148, 21041, 21078, 1.0
2, 66, 455, 163, 24, 21041, 21078, 1.0
7, 55, 181, 668, 178, 21079, 21144, 1.0
7, 66, 118, 710, 136, 21079, 21144, 1.0
2, 55, 250, 664, 146, 21145, 21195, 1.0
2, 66, 161, 709, 100, 21145, 21195, 1.0
3, 55, 157, 797, 144, 21196, 21214, 1.0
3, 66, 415, 110, 71, 21196, 21214, 1.0
1, 55, 157, 794, 147, 21215, 21227, 1.0
1, 66, 427, 130, 26, 21215, 21227, 1.0
6, 55, 234, 233, 306, 21228, 21307, 1.0
6, 66, 424, 126, 26, 21228, 21307, 1.0
4, 55, 143, 731, 144, 21308, 21317, 1.0
4, 66, 371, 90, 18, 21308, 21317, 1.0
1, 55, 142, 732, 145, 21318, 21361, 1.0
1, 66, 371, 91, 18, 21318, 21361, 1.0
5, 55, 150, 722, 150, 21362, 21430, 1.0
5, 66, 373, 87, 20, 21362, 21430, 1.0
1, 55, 161, 429, 284, 21431, 21457, 1.0
1, 66, 370, 92, 19, 21431, 21457, 1.0
2, 55, 164, 795, 149, 21458, 21522, 1.0
2, 66, 384, 95, 30, 21458, 21522, 1.0
7, 55, 246, 686, 152, 21523, 21594, 1.0
7, 66, 0, 0, 0, 21523, 21594, 1.0
2, 55, 250, 663, 145, 21595, 21650, 1.0
2, 66, 156, 714, 68, 21595, 21650, 1.0
3, 55, 156, 797, 150, 21651, 21677, 1.0
3, 66, 349, 87, 79, 21651, 21677, 1.0
1, 55, 163, 794, 147, 21678, 21698, 1.0
1, 66, 392, 82, 40, 21678, 21698, 1.0
6, 55, 229, 242, 308, 21699, 21765, 1.0
6, 66, 427, 112, 24, 21699, 21765, 1.0
4, 55, 289, 1031, 135, 21766, 21797, 1.0
1, 55, 289, 1031, 135, 21798, 21830, 1.0
5, 55, 294, 1030, 137, 21831, 21889, 1.0
1, 55, 268, 904, 174, 21890, 21933, 1.0
2, 55, 305, 942, 165, 21934, 21985, 1.0
2, 22, 441, 859, 134, 21934, 21985, 1.0
3, 55, 298, 956, 157, 21986, 22004, 1.0
3, 22, 551, 648, 56, 21986, 22004, 1.0
1, 55, 297, 962, 156, 22005, 22019, 1.0
1, 22, 556, 622, 23, 22005, 22019, 1.0
6, 55, 268, 880, 191, 22020, 22054, 1.0
6, 22, 557, 622, 22, 22020, 22054, 1.0
4, 55, 289, 1035, 134, 22055, 22072, 1.0
1, 55, 288, 1035, 135, 22073, 22096, 1.0
5, 55, 294, 1033, 134, 22097, 22178, 1.0
1, 55, 304, 815, 264, 22179, 22223, 1.0
1, 111, 0, 0, 0, 22179, 22223, 1.0
2, 55, 263, 1058, 206, 22224, 22289, 1.0
2, 111, 219, 1130, 75, 22224, 22289, 1.0
3, 55, 311, 1085, 147, 22290, 22307, 1.0
3, 111, 519, 797, 35, 22290, 22307, 1.0
1, 55, 313, 1082, 144, 22308, 22328, 1.0
1, 111, 531, 800, 19, 22308, 22328, 1.0
6, 55, 307, 791, 267, 22329, 22389, 1.0
6, 111, 527, 799, 22, 22329, 22389, 1.0
4, 55, 292, 1036, 138, 22390, 22417, 1.0
1, 55, 290, 1036, 138, 22418, 22450, 1.0
5, 55, 297, 1035, 140, 22451, 22530, 1.0
1, 55, 220, 839, 200, 22531, 22587, 1.0
2, 55, 240, 929, 191, 22588, 22632, 1.0
2, 111, 312, 663, 214, 22588, 22632, 1.0
3, 55, 288, 997, 158, 22633, 22661, 1.0
3, 111, 520, 866, 45, 22633, 22661, 1.0
1, 55, 290, 992, 153, 22662, 22673, 1.0
1, 111, 529, 863, 34, 22662, 22673, 1.0
6, 55, 235, 849, 205, 22674, 22737, 1.0
6, 111, 529, 862, 33, 22674, 22737, 1.0
4, 55, 72, 785, 126, 22738, 22759, 1.0
4, 66, 22, 448, -4, 22738, 22759, 1.0
1, 55, 73, 784, 128, 22760, 22793, 1.0
1, 66, 47, 385, -3, 22760, 22793, 1.0
5, 55, 77, 779, 131, 22794, 22862, 1.0
5, 66, 35, 388, 0, 22794, 22862, 1.0
1, 55, 67, 657, 152, 22863, 22874, 1.0
1, 66, 59, 442, -4, 22863, 22874, 1.0
2, 55, 60, 671, 159, 22875, 22886, 1.0
2, 66, 122, 393, -6, 22875, 22886, 1.0
5, 55, 51, 667, 164, 22887, 22925, 1.0
5, 66, 215, 384, 42, 22887, 22925, 1.0
2, 55, 30, 554, 203, 22926, 22969, 1.0
2, 66, 433, 467, 73, 22926, 22969, 1.0
7, 55, -6, 616, 179, 22970, 23173, 1.0
7, 66, 126, 829, 98, 22970, 23173, 1.0
2, 55, 91, 693, 148, 23174, 23187, 1.0
2, 66, 126, 779, 106, 23174, 23187, 1.0
1, 55, 36, 654, 183, 23188, 23208, 1.0
1, 66, 276, 591, 166, 23188, 23208, 1.0
6, 55, 10, 556, 193, 23209, 23252, 1.0
6, 66, 469, 506, 149, 23209, 23252, 1.0
2, 55, 60, 778, 142, 23253, 23267, 1.0
2, 66, 376, 468, 151, 23253, 23267, 1.0
3, 55, 70, 780, 139, 23273, 23280, 1.0
3, 66, 252, 508, 25, 23273, 23280, 1.0
4, 55, 80, 792, 135, 23281, 23390, 1.0
4, 66, 118, 905, 275, 23281, 23390, 1.0
1, 55, 75, 790, 137, 23391, 23413, 1.0
1, 66, 120, 907, 278, 23391, 23413, 1.0
5, 55, 87, 783, 139, 23414, 23465, 1.0
5, 66, 124, 894, 278, 23414, 23465, 1.0
1, 55, 57, 547, 228, 23466, 23488, 1.0
1, 66, 97, 906, 285, 23466, 23488, 1.0
2, 55, 31, 705, 198, 23489, 23522, 1.0
2, 66, 141, 906, 281, 23489, 23522, 1.0
7, 55, 100, 738, 146, 23523, 23689, 1.0
7, 66, 89, 808, 83, 23523, 23689, 1.0
2, 55, 98, 733, 144, 23690, 23713, 1.0
2, 66, 113, 784, 95, 23690, 23713, 1.0
3, 55, 88, 734, 141, 23714, 23722, 1.0
3, 66, 194, 857, 218, 23714, 23722, 1.0
1, 55, -2, 643, 189, 23723, 23736, 1.0
1, 66, 142, 854, 252, 23723, 23736, 1.0
6, 55, 208, 855, 93, 23737, 23783, 1.0
6, 66, 231, 362, 338, 23737, 23783, 1.0
4, 55, 69, 794, 140, 23784, 23797, 1.0
4, 66, 33, 850, 270, 23784, 23797, 1.0
1, 55, 67, 794, 141, 23798, 23827, 1.0
1, 66, 30, 848, 270, 23798, 23827, 1.0
5, 55, 80, 787, 144, 23828, 23908, 1.0
5, 66, 34, 847, 270, 23828, 23908, 1.0
1, 55, 196, 856, 102, 23909, 23937, 1.0
1, 66, 182, 397, 339, 23909, 23937, 1.0
2, 55, 98, 830, 155, 23938, 23974, 1.0
2, 66, 48, 872, 276, 23938, 23974, 1.0
7, 55, 109, 804, 138, 23975, 24149, 1.0
7, 66, 102, 833, 45, 23975, 24149, 1.0
2, 55, 109, 794, 146, 24150, 24174, 1.0
2, 66, 111, 797, 86, 24150, 24174, 1.0
3, 55, 99, 817, 135, 24175, 24189, 1.0
3, 66, 7, 877, 362, 24175, 24189, 1.0
1, 55, 97, 831, 157, 24190, 24206, 1.0
1, 66, 10, 871, 289, 24190, 24206, 1.0
6, 55, 194, 858, 111, 24207, 24267, 1.0
6, 66, 0, 0, 0, 24207, 24267, 1.0
4, 33, 1521, 1070, -659, 24268, 24290, 1.0
1, 33, 1521, 1068, -658, 24291, 24336, 1.0
2, 33, 1523, 1053, -657, 24337, 24411, 1.0
4, 33, 869, 1543, -17, 24412, 24455, 1.0
4, 22, 642, 898, -666, 24456, 24485, 1.0
1, 22, 642, 898, -666, 24486, 24538, 1.0
2, 22, 638, 883, -654, 24539, 24618, 1.0
4, 22, 902, 1580, -58, 24619, 24661, 1.0
4, 33, 532, 1137, -624, 24662, 24683, 1.0
1, 33, 532, 1143, -627, 24684, 24732, 1.0
2, 33, 549, 1098, -625, 24733, 24803, 1.0
4, 33, -23, 1567, 55, 24804, 24826, 1.0
4, 33, 493, 587, 14, 24827, 24851, 1.0
1, 33, 493, 587, 14, 24852, 24882, 1.0
2, 33, 488, 592, 16, 24883, 25002, 1.0
3, 33, 545, 1641, 653, 25003, 25055, 1.0
4, 11, 331, 302, 28, 25056, 25067, 1.0
1, 11, 332, 301, 28, 25068, 25089, 1.0
2, 11, 325, 344, 21, 25090, 25236, 1.0
3, 11, 817, 1567, 781, 25237, 25275, 1.0
4, 33, 688, 328, 8, 25276, 25307, 1.0
1, 33, 688, 328, 7, 25308, 25355, 1.0
2, 33, 687, 314, 15, 25356, 25486, 1.0
3, 33, 823, 1578, 834, 25487, 25529, 1.0
4, 111, 280, 904, 61, 25530, 25569, 1.0
2, 111, 278, 906, 61, 25570, 25593, 1.0
8, 111, 282, 903, 63, 25594, 25629, 1.0
2, 111, 290, 895, 71, 25630, 25657, 1.0
2, 111, 293, 892, 77, 25658, 25754, 1.0
9, 111, 484, 984, 262, 25755, 25800, 1.0
2, 111, 479, 1001, 276, 25801, 25817, 1.0
2, 111, 329, 885, 166, 25818, 25837, 1.0
8, 111, 321, 889, 137, 25838, 25863, 1.0
2, 111, 302, 898, 126, 25864, 25879, 1.0
4, 111, 303, 890, 111, 25880, 26050, 1.0
2, 111, 313, 882, 85, 26051, 26073, 1.0
9, 111, 486, 972, 283, 26074, 26093, 1.0
2, 111, 478, 994, 274, 26094, 26111, 1.0
3, 111, 214, 855, 48, 26112, 26144, 1.0
4, 111, -66, 876, 44, 26145, 26159, 1.0
1, 111, -70, 885, 42, 26160, 26188, 1.0
2, 111, -52, 889, 59, 26189, 26222, 1.0
9, 111, 237, 1083, 336, 26223, 26250, 1.0
2, 111, 229, 1067, 330, 26251, 26261, 1.0
1, 111, 79, 900, 232, 26262, 26298, 1.0
2, 111, -34, 897, 53, 26299, 26334, 1.0
8, 111, -31, 872, 42, 26335, 26376, 1.0
2, 111, -31, 866, 41, 26377, 26437, 1.0
4, 111, -56, 927, 31, 26438, 26517, 1.0
1, 111, -53, 921, 38, 26518, 26542, 1.0
2, 111, -25, 913, 60, 26543, 26565, 1.0
9, 111, 215, 1068, 309, 26566, 26616, 1.0
2, 111, 198, 1058, 309, 26617, 26641, 1.0
3, 111, -58, 857, 60, 26642, 26661, 1.0
1, 111, -84, 873, 40, 26662, 26681, 1.0
2, 111, -84, 909, 39, 26682, 26707, 1.0
8, 111, -82, 882, 40, 26708, 26749, 1.0
2, 111, -84, 870, 41, 26750, 26838, 1.0
4, 111, -72, 856, 36, 26839, 26886, 1.0
2, 111, -78, 883, 42, 26887, 26910, 1.0
9, 111, 196, 1051, 322, 26911, 26952, 1.0
2, 111, 215, 1070, 342, 26953, 26973, 1.0
2, 111, -21, 845, 99, 26974, 26996, 1.0
8, 111, -53, 880, 39, 26997, 27036, 1.0
2, 111, -59, 888, 41, 27037, 27042, 1.0
4, 33, 286, 552, 80, 27043, 27066, 1.0
1, 33, 286, 551, 80, 27067, 27134, 1.0
2, 33, 292, 557, 82, 27135, 27270, 1.0
3, 33, 154, 1636, 914, 27271, 27321, 1.0
2, 33, 227, 538, 64, 27322, 27361, 1.0
4, 33, 227, 538, 64, 27362, 27400, 1.0
1, 33, 227, 539, 64, 27401, 27420, 1.0
2, 33, 223, 537, 70, 27421, 27509, 1.0
3, 33, 100, 1668, 979, 27510, 27548, 1.0
4, 11, 330, 278, 91, 27549, 27577, 1.0
1, 11, 331, 278, 91, 27578, 27601, 1.0
2, 11, 327, 274, 91, 27602, 27686, 1.0
3, 11, 162, 1454, 712, 27687, 27714, 1.0
4, 22, 612, 1177, -658, 27715, 27732, 1.0
1, 22, 613, 1177, -658, 27733, 27777, 1.0
2, 22, 599, 1182, -649, 27778, 27847, 1.0
4, 22, 174, 1063, 132, 27848, 27873, 1.0
4, 99, 616, 1078, -671, 27874, 27891, 1.0
1, 99, 617, 1075, -671, 27892, 27938, 1.0
2, 99, 610, 1074, -660, 27939, 28038, 1.0
4, 111, -3, 708, -605, 28039, 28069, 1.0
1, 111, -3, 707, -605, 28070, 28115, 1.0
2, 111, 4, 665, -612, 28116, 28187, 1.0
4, 111, 86, 1060, 15, 28188, 28212, 1.0
4, 55, 564, 1094, 103, 28213, 28249, 1.0
4, 111, 0, 0, 0, 28213, 28249, 1.0
1, 55, 565, 1091, 99, 28250, 28298, 1.0
1, 111, 0, 0, 0, 28250, 28298, 1.0
5, 55, 486, 765, 192, 28299, 28370, 1.0
5, 111, 0, 0, 0, 28299, 28370, 1.0
1, 55, 589, 1094, 105, 28371, 28409, 1.0
1, 111, 539, 1216, 52, 28371, 28409, 1.0
2, 55, 509, 875, 167, 28410, 28450, 1.0
2, 111, 529, 1122, 82, 28410, 28450, 1.0
3, 55, 355, 535, 241, 28451, 28483, 1.0
3, 111, 0, 0, 0, 28451, 28483, 1.0
1, 55, 666, 1078, 104, 28484, 28491, 1.0
1, 111, 542, 660, 17, 28484, 28491, 1.0
6, 55, 661, 1079, 108, 28492, 28545, 1.0
6, 111, 546, 669, 17, 28492, 28545, 1.0
4, 55, 403, 1069, 118, 28546, 28574, 1.0
1, 55, 402, 1073, 122, 28575, 28643, 1.0
5, 55, 388, 1074, 115, 28644, 28724, 1.0
5, 22, 347, 1207, 58, 28644, 28724, 1.0
1, 55, 476, 1075, 89, 28725, 28782, 1.0
1, 22, 345, 1211, 55, 28725, 28782, 1.0
2, 55, 452, 1067, 131, 28783, 28854, 1.0
2, 22, 379, 1157, 84, 28783, 28854, 1.0
3, 55, 462, 1089, 146, 28855, 28885, 1.0
3, 22, 468, 1112, 276, 28855, 28885, 1.0
1, 55, 463, 1095, 141, 28886, 28911, 1.0
1, 22, 450, 1142, 265, 28886, 28911, 1.0
6, 55, 507, 1079, 86, 28912, 28986, 1.0
6, 22, 423, 550, 358, 28912, 28986, 1.0
4, 55, 308, 954, 130, 28987, 29016, 1.0
4, 22, 0, 0, 0, 28987, 29016, 1.0
1, 55, 311, 957, 131, 29017, 29066, 1.0
1, 22, 0, 0, 0, 29017, 29066, 1.0
5, 55, 305, 638, 208, 29067, 29162, 1.0
5, 22, 0, 0, 0, 29067, 29162, 1.0
1, 55, 336, 998, 125, 29163, 29198, 1.0
1, 22, 256, 1065, 87, 29163, 29198, 1.0
2, 55, 316, 906, 152, 29199, 29260, 1.0
2, 22, 254, 960, 102, 29199, 29260, 1.0
3, 55, 347, 971, 142, 29261, 29291, 1.0
3, 22, 328, 947, 306, 29261, 29291, 1.0
1, 55, 355, 970, 154, 29292, 29301, 1.0
1, 22, 309, 958, 297, 29292, 29301, 1.0
6, 55, 382, 967, 143, 29302, 29362, 1.0
6, 22, 309, 975, 294, 29302, 29362, 1.0
4, 55, 351, 964, 120, 29363, 29402, 1.0
4, 66, 474, 486, 12, 29363, 29402, 1.0
1, 55, 348, 958, 117, 29403, 29447, 1.0
1, 66, 475, 487, 12, 29403, 29447, 1.0
5, 55, 354, 917, 123, 29448, 29567, 1.0
5, 66, 473, 489, 13, 29448, 29567, 1.0
1, 55, 383, 1028, 81, 29568, 29594, 1.0
1, 66, 482, 476, 5, 29568, 29594, 1.0
2, 55, 348, 1052, 116, 29595, 29640, 1.0
2, 66, 485, 471, 10, 29595, 29640, 1.0
7, 55, 347, 907, 147, 29641, 29787, 1.0
7, 66, 251, 893, 124, 29641, 29787, 1.0
2, 55, 345, 932, 140, 29788, 29801, 1.0
2, 66, 401, 824, 160, 29788, 29801, 1.0
3, 55, 324, 1060, 125, 29802, 29819, 1.0
3, 66, 419, 590, 69, 29802, 29819, 1.0
1, 55, 339, 1047, 114, 29820, 29839, 1.0
1, 66, 462, 433, 33, 29820, 29839, 1.0
6, 55, 363, 1043, 87, 29840, 29893, 1.0
6, 66, 455, 439, 7, 29840, 29893, 1.0
4, 55, 148, 944, 133, 29894, 29923, 1.0
4, 66, 368, 442, 18, 29894, 29923, 1.0
2, 55, 147, 945, 136, 29924, 30000, 1.0
2, 66, 368, 441, 18, 29924, 30000, 1.0
1, 55, 148, 945, 136, 30001, 30035, 1.0
1, 66, 370, 440, 17, 30001, 30035, 1.0
5, 55, 169, 906, 148, 30036, 30116, 1.0
5, 66, 367, 437, 16, 30036, 30116, 1.0
1, 55, 151, 1026, 95, 30117, 30133, 1.0
1, 66, 371, 439, 17, 30117, 30133, 1.0
2, 55, 143, 1033, 122, 30134, 30183, 1.0
2, 66, 397, 441, 31, 30134, 30183, 1.0
7, 55, 165, 895, 164, 30184, 30330, 1.0
7, 66, 57, 906, 116, 30184, 30330, 1.0
2, 55, 50, 1049, 129, 30331, 30354, 1.0
2, 66, 235, 701, 136, 30331, 30354, 1.0
3, 55, 131, 1027, 124, 30355, 30371, 1.0
3, 66, 433, 384, 43, 30355, 30371, 1.0
1, 55, 112, 1046, 135, 30372, 30397, 1.0
1, 66, 374, 392, 22, 30372, 30397, 1.0
6, 55, 136, 1032, 107, 30398, 30475, 1.0
6, 66, 383, 396, 13, 30398, 30475, 1.0
4, 55, 148, 946, 133, 30476, 30507, 1.0
4, 66, 463, 577, -5, 30476, 30507, 1.0
1, 55, 148, 946, 133, 30508, 30553, 1.0
1, 66, 469, 577, -6, 30508, 30553, 1.0
5, 55, 172, 896, 148, 30554, 30640, 1.0
5, 66, 491, 581, -4, 30554, 30640, 1.0
1, 55, 176, 993, 71, 30641, 30653, 1.0
1, 66, 477, 631, 2, 30641, 30653, 1.0
2, 55, 135, 1037, 125, 30654, 30692, 1.0
2, 66, 473, 550, 35, 30654, 30692, 1.0
7, 55, 139, 847, 198, 30693, 30891, 1.0
7, 66, 3, 1004, 92, 30693, 30891, 1.0
2, 55, 257, 468, 269, 30892, 30908, 1.0
2, 66, 27, 462, 143, 30892, 30908, 1.0
3, 55, 121, 1034, 125, 30909, 30923, 1.0
3, 66, 373, 387, 39, 30909, 30923, 1.0
1, 55, 78, 1062, 139, 30924, 30938, 1.0
1, 66, 414, 363, 5, 30924, 30938, 1.0
6, 55, 143, 1030, 102, 30939, 31005, 1.0
6, 66, 397, 391, -5, 30939, 31005, 1.0
2, 111, 542, 752, 18, 31006, 31088, 1.0
8, 111, 539, 756, 19, 31089, 31105, 1.0
2, 111, 539, 761, 13, 31106, 31139, 1.0
1, 111, 538, 760, 28, 31140, 31160, 1.0
2, 111, 537, 755, 22, 31161, 31199, 1.0
9, 111, 294, 662, 389, 31200, 31245, 1.0
2, 111, 300, 670, 404, 31246, 31281, 1.0
3, 111, 565, 804, 33, 31282, 31337, 1.0
1, 111, 537, 771, 22, 31338, 31350, 1.0
2, 111, 578, 868, 4, 31351, 31375, 1.0
8, 111, 540, 765, 22, 31376, 31389, 1.0
2, 111, 538, 767, 22, 31390, 31449, 1.0
4, 111, 536, 772, 20, 31450, 31463, 1.0
1, 111, 538, 769, 21, 31464, 31522, 1.0
2, 111, 528, 776, 22, 31523, 31565, 1.0
9, 111, 172, 622, 387, 31566, 31621, 1.0
2, 111, 189, 654, 409, 31622, 31652, 1.0
3, 111, 452, 746, 41, 31653, 31682, 1.0
1, 111, 471, 766, 19, 31683, 31710, 1.0
2, 111, 386, 567, 72, 31711, 31747, 1.0
8, 111, 475, 754, 18, 31748, 31828, 1.0
2, 111, 491, 804, 12, 31829, 31871, 1.0
3, 111, 476, 758, 19, 31872, 31907, 1.0
4, 111, 475, 758, 17, 31908, 31916, 1.0
1, 111, 491, 807, 11, 31917, 31933, 1.0
2, 111, 468, 760, 20, 31934, 31978, 1.0
9, 111, 196, 668, 380, 31979, 32003, 1.0
2, 111, 215, 642, 396, 32004, 32039, 1.0
3, 111, 494, 644, 54, 32040, 32080, 1.0
4, 111, 463, 709, 21, 32081, 32107, 1.0
1, 111, 462, 705, 22, 32108, 32140, 1.0
2, 111, 457, 706, 24, 32141, 32186, 1.0
9, 111, 286, 634, 366, 32187, 32234, 1.0
2, 111, 275, 620, 376, 32235, 32264, 1.0
3, 111, 429, 381, 32, 32265, 32292, 1.0
4, 111, 457, 384, 10, 32293, 32302, 1.0
1, 111, 462, 387, 15, 32303, 32321, 1.0
2, 111, 463, 391, 16, 32322, 32365, 1.0
8, 111, 461, 364, 17, 32366, 32454, 1.0
2, 111, 462, 374, 13, 32455, 32494, 1.0
1, 111, 472, 403, 11, 32495, 32517, 1.0
2, 111, 452, 369, 15, 32518, 32554, 1.0
9, 111, 217, 620, 367, 32555, 32570, 1.0
2, 111, 360, 476, 212, 32571, 32587, 1.0
3, 111, 445, 396, 17, 32588, 32613, 1.0
4, 55, 174, 1124, 146, 32614, 32638, 1.0
4, 66, 390, 810, 23, 32614, 32638, 1.0
1, 55, 173, 1125, 147, 32639, 32690, 1.0
1, 66, 394, 809, 23, 32639, 32690, 1.0
5, 55, 181, 1124, 146, 32691, 32766, 1.0
5, 66, 371, 782, 19, 32691, 32766, 1.0
1, 55, 250, 808, 222, 32767, 32792, 1.0
1, 66, 372, 781, 20, 32767, 32792, 1.0
2, 55, 266, 1149, 151, 32793, 32920, 1.0
2, 66, 396, 808, 26, 32793, 32920, 1.0
7, 55, 185, 1141, 162, 32921, 33136, 1.0
7, 66, 124, 1218, 131, 32921, 33136, 1.0
2, 55, 190, 1116, 153, 33137, 33143, 1.0
2, 66, 139, 1113, 128, 33137, 33143, 1.0
3, 55, 179, 1122, 154, 33144, 33153, 1.0
3, 66, 171, 1069, 159, 33144, 33153, 1.0
6, 55, 96, 1138, 176, 33154, 33302, 1.0
6, 66, 292, 587, 26, 33154, 33302, 1.0
4, 55, 177, 1121, 145, 33303, 33383, 1.0
4, 66, 291, 590, 23, 33303, 33383, 1.0
1, 55, 179, 1121, 148, 33384, 33435, 1.0
1, 66, 296, 587, 23, 33384, 33435, 1.0
5, 55, 179, 1126, 143, 33436, 33490, 1.0
5, 66, 295, 587, 23, 33436, 33490, 1.0
1, 55, 300, 839, 191, 33491, 33513, 1.0
1, 66, 293, 587, 23, 33491, 33513, 1.0
2, 55, 246, 1147, 166, 33514, 33600, 1.0
2, 66, 304, 625, 27, 33514, 33600, 1.0
7, 55, 240, 1112, 175, 33601, 33784, 1.0
7, 66, 85, 1174, 161, 33601, 33784, 1.0
2, 55, 239, 1104, 156, 33785, 33858, 1.0
2, 66, 160, 1091, 137, 33785, 33858, 1.0
3, 55, 247, 1144, 171, 33859, 33867, 1.0
3, 66, 315, 596, 87, 33859, 33867, 1.0
1, 55, 233, 1157, 235, 33868, 33885, 1.0
1, 66, 310, 602, 30, 33868, 33885, 1.0
6, 55, 298, 1132, 122, 33886, 33982, 1.0
6, 66, 312, 602, 31, 33886, 33982, 1.0
4, 55, 177, 1127, 145, 33983, 33998, 1.0
4, 66, 325, 622, 17, 33983, 33998, 1.0
1, 55, 177, 1127, 146, 33999, 34034, 1.0
1, 66, 324, 625, 18, 33999, 34034, 1.0
5, 55, 175, 1124, 139, 34035, 34095, 1.0
5, 66, 321, 624, 18, 34035, 34095, 1.0
1, 55, 206, 1143, 153, 34096, 34118, 1.0
1, 66, 325, 622, 17, 34096, 34118, 1.0
2, 55, 171, 1243, 127, 34119, 34198, 1.0
2, 66, 350, 653, 21, 34119, 34198, 1.0
7, 55, 189, 1143, 152, 34199, 34469, 1.0
7, 66, 152, 1152, 146, 34199, 34469, 1.0
2, 55, 207, 1080, 163, 34470, 34523, 1.0
2, 66, 208, 1030, 169, 34470, 34523, 1.0
3, 55, 137, 1277, 144, 34524, 34542, 1.0
3, 66, 282, 569, 58, 34524, 34542, 1.0
6, 55, 143, 1270, 137, 34543, 34606, 1.0
6, 66, 284, 576, 31, 34543, 34606, 1.0
4, 111, 330, 921, 22, 34607, 34632, 1.0
2, 111, 330, 920, 22, 34633, 34703, 1.0
8, 111, 329, 922, 23, 34704, 34727, 1.0
1, 111, 330, 921, 23, 34728, 34837, 1.0
2, 111, 331, 987, 18, 34838, 34928, 1.0
9, 111, 30, 959, 268, 34929, 34988, 1.0
2, 111, -38, 973, 320, 34989, 35084, 1.0
3, 111, 275, 926, 40, 35085, 35105, 1.0
2, 111, 273, 942, 23, 35106, 35165, 1.0
8, 111, 278, 929, 26, 35166, 35176, 1.0
2, 111, 278, 932, 26, 35177, 35252, 1.0
2, 111, 277, 933, 27, 35253, 35320, 1.0
9, 111, -38, 980, 306, 35321, 35372, 1.0
2, 111, -31, 993, 304, 35373, 35462, 1.0
3, 111, 309, 932, 48, 35463, 35494, 1.0
4, 111, 314, 942, 20, 35495, 35541, 1.0
4, 111, 285, 1106, 0, 35542, 35569, 1.0
2, 111, 290, 1099, 2, 35570, 35645, 1.0
8, 111, 288, 1104, 1, 35646, 35726, 1.0
2, 111, 272, 1236, -15, 35727, 35829, 1.0
4, 111, 284, 1095, 0, 35830, 35858, 1.0
2, 111, 288, 1092, 1, 35859, 35918, 1.0
8, 111, 288, 1097, 0, 35919, 35957, 1.0
2, 111, 289, 1100, 2, 35958, 35993, 1.0
1, 111, 278, 1123, -7, 35994, 36057, 1.0
2, 111, 364, 968, 13, 36058, 36183, 1.0
9, 111, -131, 1126, 242, 36184, 36244, 1.0
2, 111, -125, 1088, 276, 36245, 36328, 1.0
3, 111, 293, 1045, 36, 36329, 36361, 1.0
2, 111, 312, 1002, 24, 36362, 36415, 1.0
8, 111, 313, 1004, 21, 36416, 36450, 1.0
2, 111, 323, 1044, 16, 36451, 36538, 1.0
4, 111, 322, 1040, 17, 36539, 36570, 1.0
2, 111, 321, 1038, 20, 36571, 36649, 1.0
9, 111, -156, 1110, 245, 36650, 36702, 1.0
2, 111, -146, 1098, 260, 36703, 36769, 1.0
3, 111, 260, 1057, 37, 36770, 36809, 1.0
4, 111, 275, 1038, 18, 36810, 36839, 1.0
4, 111, 284, 1050, 13, 36840, 36858, 1.0
1, 111, 286, 1023, 16, 36859, 36941, 1.0
2, 111, 275, 1031, 21, 36942, 37042, 1.0
9, 111, -163, 1109, 273, 37043, 37090, 1.0
2, 111, -159, 1130, 264, 37091, 37172, 1.0
3, 111, 241, 1037, 36, 37173, 37219, 1.0
2, 111, 290, 1040, 22, 37220, 37280, 1.0
8, 111, 286, 980, 19, 37281, 37310, 1.0
2, 111, 290, 973, 20, 37311, 37399, 1.0
4, 111, 287, 1067, 12, 37400, 37425, 1.0
2, 111, 292, 973, 22, 37426, 37489, 1.0
8, 111, 289, 1069, 12, 37490, 37508, 1.0
2, 111, 290, 1081, 13, 37509, 37583, 1.0
1, 111, 287, 981, 20, 37584, 37650, 1.0
2, 111, 286, 1039, 16, 37651, 37732, 1.0
9, 111, -140, 1130, 255, 37733, 37765, 1.0
2, 111, -137, 1122, 270, 37766, 37825, 1.0
3, 111, 253, 1086, 39, 37826, 37867, 1.0
2, 22, 46, 518, 251, 37897, 37917, 1.0
2, 33, 351, 381, 145, 37897, 37917, 1.0
2, 88, -229, 349, 116, 37897, 37917, 1.0
3, 22, 38, 454, 126, 37918, 37962, 1.0
3, 33, 351, 381, 143, 37918, 37962, 1.0
3, 88, -230, 349, 116, 37918, 37962, 1.0
1, 22, 40, 371, 52, 37963, 37988, 1.0
1, 33, 350, 382, 144, 37963, 37988, 1.0
1, 88, -230, 349, 117, 37963, 37988, 1.0
2, 22, 38, 371, 51, 37989, 38077, 1.0
2, 33, 345, 385, 150, 37989, 38077, 1.0
2, 88, -229, 349, 118, 37989, 38077, 1.0
10, 22, 39, 371, 51, 38078, 38164, 1.0
10, 33, 239, 519, 301, 38078, 38164, 1.0
10, 88, -229, 349, 116, 38078, 38164, 1.0
2, 22, 41, 443, 58, 38165, 38233, 1.0
2, 33, 163, 485, 359, 38165, 38233, 1.0
2, 88, -229, 350, 118, 38165, 38233, 1.0
3, 22, 39, 370, 52, 38234, 38261, 1.0
3, 33, 366, 443, 160, 38234, 38261, 1.0
3, 88, -227, 349, 118, 38234, 38261, 1.0
1, 22, 38, 371, 52, 38262, 38296, 1.0
1, 33, 392, 435, 130, 38262, 38296, 1.0
1, 88, -229, 349, 118, 38262, 38296, 1.0
2, 22, 38, 371, 48, 38297, 38409, 1.0
2, 33, 386, 435, 146, 38297, 38409, 1.0
2, 88, -222, 358, 124, 38297, 38409, 1.0
10, 22, 39, 370, 51, 38410, 38494, 1.0
10, 33, 384, 435, 149, 38410, 38494, 1.0
10, 88, 214, 427, 347, 38410, 38494, 1.0
2, 22, 39, 371, 51, 38495, 38649, 1.0
2, 33, 384, 435, 146, 38495, 38649, 1.0
2, 88, 173, 408, 346, 38495, 38649, 1.0
3, 22, 39, 370, 51, 38650, 38679, 1.0
3, 33, 385, 435, 147, 38650, 38679, 1.0
3, 88, -203, 335, 187, 38650, 38679, 1.0
2, 22, -80, 381, 262, 38699, 38720, 1.0
2, 33, -469, 392, 138, 38699, 38720, 1.0
2, 88, 248, 397, 119, 38699, 38720, 1.0
3, 22, -85, 343, 104, 38721, 38744, 1.0
3, 33, -469, 393, 137, 38721, 38744, 1.0
3, 88, 248, 397, 120, 38721, 38744, 1.0
1, 22, -91, 434, 75, 38745, 38768, 1.0
1, 33, -469, 392, 137, 38745, 38768, 1.0
1, 88, 248, 397, 119, 38745, 38768, 1.0
2, 22, -84, 431, 73, 38769, 38826, 1.0
2, 33, -471, 399, 143, 38769, 38826, 1.0
2, 88, 248, 397, 119, 38769, 38826, 1.0
10, 22, -86, 431, 73, 38827, 38884, 1.0
10, 33, -270, 431, 293, 38827, 38884, 1.0
10, 88, 247, 397, 119, 38827, 38884, 1.0
2, 22, -84, 430, 73, 38885, 38909, 1.0
2, 33, -257, 417, 340, 38885, 38909, 1.0
2, 88, 248, 397, 119, 38885, 38909, 1.0
3, 22, -84, 430, 73, 38910, 38933, 1.0
3, 33, -369, 414, 186, 38910, 38933, 1.0
3, 88, 248, 397, 119, 38910, 38933, 1.0
1, 22, -83, 430, 75, 38934, 38953, 1.0
1, 33, -400, 404, 141, 38934, 38953, 1.0
1, 88, 247, 397, 120, 38934, 38953, 1.0
2, 22, -83, 430, 73, 38954, 39042, 1.0
2, 33, -400, 404, 142, 38954, 39042, 1.0
2, 88, 258, 410, 134, 38954, 39042, 1.0
10, 22, -87, 431, 72, 39043, 39131, 1.0
10, 33, -403, 406, 139, 39043, 39131, 1.0
10, 88, 87, 472, 283, 39043, 39131, 1.0
2, 22, -83, 430, 74, 39132, 39197, 1.0
2, 33, -399, 404, 140, 39132, 39197, 1.0
2, 88, 63, 419, 290, 39132, 39197, 1.0
3, 22, -83, 430, 73, 39198, 39229, 1.0
3, 33, -398, 405, 139, 39198, 39229, 1.0
3, 88, 211, 374, 180, 39198, 39229, 1.0
2, 22, -110, 384, 206, 39249, 39279, 1.0
2, 33, 183, 427, 144, 39249, 39279, 1.0
2, 88, -387, 366, 105, 39249, 39279, 1.0
3, 22, -129, 439, 109, 39280, 39307, 1.0
3, 33, 181, 428, 145, 39280, 39307, 1.0
3, 88, -389, 360, 110, 39280, 39307, 1.0
1, 22, -135, 434, 73, 39308, 39342, 1.0
1, 33, 182, 430, 139, 39308, 39342, 1.0
1, 88, -401, 379, 92, 39308, 39342, 1.0
2, 22, -120, 426, 73, 39343, 39415, 1.0
2, 33, 179, 426, 147, 39343, 39415, 1.0
2, 88, -389, 361, 109, 39343, 39415, 1.0
10, 22, -120, 427, 74, 39416, 39476, 1.0
10, 33, 69, 437, 335, 39416, 39476, 1.0
10, 88, -387, 362, 111, 39416, 39476, 1.0
2, 22, -121, 425, 73, 39477, 39494, 1.0
2, 33, 66, 444, 278, 39477, 39494, 1.0
2, 88, -392, 360, 115, 39477, 39494, 1.0
3, 22, -121, 425, 73, 39495, 39533, 1.0
3, 33, 151, 435, 166, 39495, 39533, 1.0
3, 88, -397, 375, 97, 39495, 39533, 1.0
1, 22, -118, 426, 74, 39534, 39569, 1.0
1, 33, 193, 420, 144, 39534, 39569, 1.0
1, 88, -389, 362, 106, 39534, 39569, 1.0
2, 22, -120, 426, 74, 39570, 39602, 1.0
2, 33, 193, 421, 146, 39570, 39602, 1.0
2, 88, -386, 359, 110, 39570, 39602, 1.0
10, 22, -121, 427, 74, 39603, 39671, 1.0
10, 33, 192, 422, 145, 39603, 39671, 1.0
10, 88, -218, 709, 234, 39603, 39671, 1.0
2, 22, -121, 426, 74, 39672, 39693, 1.0
2, 33, 192, 423, 146, 39672, 39693, 1.0
2, 88, -169, 701, 204, 39672, 39693, 1.0
3, 22, -120, 425, 71, 39694, 39724, 1.0
3, 33, 194, 423, 142, 39694, 39724, 1.0
3, 88, -375, 341, 151, 39694, 39724, 1.0
2, 22, -136, 474, 238, 39754, 39779, 1.0
2, 33, 193, 422, 143, 39754, 39779, 1.0
2, 88, -403, 341, 119, 39754, 39779, 1.0
3, 22, -130, 444, 115, 39780, 39814, 1.0
3, 33, 193, 422, 142, 39780, 39814, 1.0
3, 88, -404, 340, 120, 39780, 39814, 1.0
1, 22, -131, 422, 72, 39815, 39835, 1.0
1, 33, 192, 423, 144, 39815, 39835, 1.0
1, 88, -404, 341, 119, 39815, 39835, 1.0
2, 22, -131, 425, 73, 39836, 39916, 1.0
2, 33, 185, 422, 149, 39836, 39916, 1.0
2, 88, -404, 341, 119, 39836, 39916, 1.0
10, 22, -132, 424, 73, 39917, 39983, 1.0
10, 33, 56, 432, 311, 39917, 39983, 1.0
10, 88, -404, 341, 119, 39917, 39983, 1.0
2, 22, -131, 425, 74, 39984, 40000, 1.0
2, 33, 59, 413, 265, 39984, 40000, 1.0
2, 88, -402, 342, 116, 39984, 40000, 1.0
3, 22, -132, 424, 73, 40001, 40017, 1.0
3, 33, 146, 400, 182, 40001, 40017, 1.0
3, 88, -403, 341, 119, 40001, 40017, 1.0
1, 22, -132, 424, 73, 40018, 40036, 1.0
1, 33, 165, 406, 142, 40018, 40036, 1.0
1, 88, -404, 341, 118, 40018, 40036, 1.0
2, 22, -130, 424, 73, 40037, 40127, 1.0
2, 33, 165, 407, 143, 40037, 40127, 1.0
2, 88, -404, 348, 124, 40037, 40127, 1.0
10, 22, -132, 420, 75, 40128, 40211, 1.0
10, 33, 165, 409, 144, 40128, 40211, 1.0
10, 88, -60, 448, 331, 40128, 40211, 1.0
2, 22, -133, 423, 73, 40212, 40307, 1.0
2, 33, 165, 410, 145, 40212, 40307, 1.0
2, 88, -21, 420, 352, 40212, 40307, 1.0
3, 22, -132, 424, 74, 40308, 40334, 1.0
3, 33, 165, 409, 145, 40308, 40334, 1.0
3, 88, -389, 369, 192, 40308, 40334, 1.0
1, 77, 170, 327, 125, 40359, 40389, 1.0
1, 111, -321, 377, 126, 40359, 40389, 1.0
5, 77, 168, 329, 142, 40390, 40547, 1.0
5, 111, -332, 408, 134, 40390, 40547, 1.0
1, 77, 171, 322, 118, 40548, 40571, 1.0
1, 111, -322, 377, 126, 40548, 40571, 1.0
2, 77, 174, 330, 138, 40572, 40639, 1.0
2, 111, -331, 407, 133, 40572, 40639, 1.0
8, 77, 171, 324, 124, 40640, 40649, 1.0
8, 111, -332, 408, 133, 40640, 40649, 1.0
1, 77, 170, 324, 122, 40650, 40678, 1.0
1, 111, -321, 376, 127, 40650, 40678, 1.0
2, 77, 170, 323, 121, 40679, 40718, 1.0
2, 111, -330, 397, 89, 40679, 40718, 1.0
9, 77, 170, 326, 114, 40719, 40758, 1.0
9, 111, -189, 480, 595, 40719, 40758, 1.0
2, 77, 172, 324, 124, 40759, 40774, 1.0
2, 111, -236, 717, 445, 40759, 40774, 1.0
3, 77, 169, 324, 120, 40775, 40809, 1.0
3, 111, -349, 397, 144, 40775, 40809, 1.0
1, 77, -246, 312, 117, 40824, 40865, 1.0
1, 111, 213, 385, 93, 40824, 40865, 1.0
5, 77, -233, 330, 146, 40866, 41063, 1.0
5, 111, 216, 370, 128, 40866, 41063, 1.0
1, 77, -234, 321, 137, 41064, 41084, 1.0
1, 111, 217, 371, 129, 41064, 41084, 1.0
2, 77, -237, 324, 143, 41085, 41159, 1.0
2, 111, 216, 370, 129, 41085, 41159, 1.0
8, 77, -241, 307, 122, 41160, 41187, 1.0
8, 111, 217, 371, 128, 41160, 41187, 1.0
1, 77, -239, 307, 117, 41188, 41214, 1.0
1, 111, 217, 370, 129, 41188, 41214, 1.0
2, 77, -242, 307, 116, 41215, 41252, 1.0
2, 111, 217, 418, 122, 41215, 41252, 1.0
9, 77, -242, 308, 115, 41253, 41311, 1.0
9, 111, -19, 606, 541, 41253, 41311, 1.0
2, 77, -239, 308, 119, 41312, 41331, 1.0
2, 111, 29, 566, 518, 41312, 41331, 1.0
3, 77, -240, 307, 113, 41332, 41394, 1.0
3, 111, 176, 466, 197, 41332, 41394, 1.0
1, 77, 228, 414, 95, 41419, 41444, 1.0
1, 111, -226, 406, 68, 41419, 41444, 1.0
5, 77, 230, 420, 108, 41445, 41599, 1.0
5, 111, -229, 407, 69, 41445, 41599, 1.0
1, 77, 220, 411, 78, 41600, 41624, 1.0
1, 111, -227, 407, 69, 41600, 41624, 1.0
2, 77, 224, 417, 102, 41625, 41658, 1.0
2, 111, -227, 406, 69, 41625, 41658, 1.0
8, 77, 220, 409, 75, 41659, 41674, 1.0
8, 111, -226, 406, 69, 41659, 41674, 1.0
1, 77, 221, 409, 75, 41675, 41698, 1.0
1, 111, -227, 408, 69, 41675, 41698, 1.0
2, 77, 220, 410, 76, 41699, 41721, 1.0
2, 111, -238, 419, 76, 41699, 41721, 1.0
9, 77, 220, 410, 77, 41722, 41771, 1.0
9, 111, -85, 719, 598, 41722, 41771, 1.0
2, 77, 222, 408, 76, 41772, 41797, 1.0
2, 111, -128, 419, 599, 41772, 41797, 1.0
3, 77, 220, 410, 76, 41798, 41849, 1.0
3, 111, -228, 384, 132, 41798, 41849, 1.0
4, 44, -409, 367, 20, 41850, 41874, 1.0
1, 44, -386, 437, 26, 41875, 41899, 1.0
2, 44, -334, 412, 20, 41900, 41957, 1.0
3, 44, -263, 369, 80, 41958, 42006, 1.0
1, 44, 0, 0, 0, 42007, 42032, 1.0
2, 44, 0, 0, 0, 42033, 42069, 1.0
3, 44, 0, 0, 0, 42070, 42116, 1.0
4, 44, 0, 0, 0, 42117, 42140, 1.0
4, 33, -551, 228, 44, 42141, 42172, 1.0
1, 33, -552, 227, 44, 42173, 42220, 1.0
2, 33, -526, 215, 36, 42221, 42264, 1.0
3, 33, -241, 239, 152, 42265, 42304, 1.0
1, 33, -209, 240, 93, 42305, 42346, 1.0
2, 33, -209, 241, 93, 42347, 42400, 1.0
3, 33, -203, 192, 88, 42401, 42434, 1.0
4, 33, -215, 164, 78, 42435, 42450, 1.0
1, 33, -213, 164, 75, 42451, 42484, 1.0
2, 33, -215, 164, 74, 42485, 42542, 1.0
3, 33, -216, 164, 74, 42543, 42570, 1.0
4, 33, -219, 164, 74, 42571, 42587, 1.0
4, 22, -154, 255, 44, 42588, 42627, 1.0
1, 22, -162, 254, 46, 42628, 42656, 1.0
2, 22, -193, 405, 65, 42657, 42722, 1.0
3, 22, 194, 274, 159, 42723, 42787, 1.0
4, 22, 207, 396, 94, 42788, 42816, 1.0
4, 44, 205, 392, 94, 42817, 42836, 1.0
1, 44, 205, 392, 94, 42837, 42874, 1.0
2, 44, 208, 394, 105, 42875, 42938, 1.0
3, 44, -125, 409, 105, 42939, 42967, 1.0
4, 44, -126, 261, 48, 42967, 42985, 1.0
4, 33, -479, 253, 182, 42986, 43015, 1.0
1, 33, -479, 253, 182, 43016, 43050, 1.0
2, 33, -483, 261, 184, 43051, 43084, 1.0
3, 33, -164, 248, 80, 43085, 43108, 1.0
1, 33, -185, 251, 47, 43109, 43126, 1.0
2, 33, -185, 254, 49, 43127, 43178, 1.0
3, 33, -185, 254, 49, 43179, 43210, 1.0
1, 33, -184, 254, 49, 43211, 43245, 1.0
2, 33, -184, 251, 47, 43246, 43300, 1.0
3, 33, -185, 254, 49, 43301, 43322, 1.0
4, 33, -184, 173, 29, 43323, 43359, 1.0
4, 22, -111, 264, 30, 43360, 43379, 1.0
1, 22, -116, 268, 28, 43380, 43421, 1.0
2, 22, -99, 445, 62, 43422, 43471, 1.0
3, 22, 261, 465, 73, 43472, 43501, 1.0
1, 22, 290, 299, 12, 43502, 43513, 1.0
2, 22, 265, 474, 24, 43514, 43576, 1.0
3, 22, 248, 298, 16, 43577, 43605, 1.0
4, 22, 233, 311, 17, 43606, 43639, 1.0
2, 22, 83, 875, 302, 43659, 43724, 1.0
2, 33, 436, 239, 129, 43659, 43724, 1.0
2, 88, -359, 337, 103, 43659, 43724, 1.0
3, 22, 73, 390, 84, 43725, 43747, 1.0
3, 33, 436, 239, 129, 43725, 43747, 1.0
3, 88, -357, 338, 102, 43725, 43747, 1.0
1, 22, 79, 395, 51, 43748, 43787, 1.0
1, 33, 436, 239, 131, 43748, 43787, 1.0
1, 88, -357, 338, 100, 43748, 43787, 1.0
2, 22, 77, 475, 52, 43788, 43854, 1.0
2, 33, 439, 236, 125, 43788, 43854, 1.0
2, 88, -358, 337, 101, 43788, 43854, 1.0
10, 22, 78, 473, 49, 43855, 43921, 1.0
10, 33, 243, 348, 238, 43855, 43921, 1.0
10, 88, -357, 337, 103, 43855, 43921, 1.0
2, 22, 76, 472, 49, 43922, 43957, 1.0
2, 33, 187, 340, 245, 43922, 43957, 1.0
2, 88, -356, 338, 99, 43922, 43957, 1.0
3, 22, 79, 472, 49, 43958, 43989, 1.0
3, 33, 419, 258, 153, 43958, 43989, 1.0
3, 88, -356, 338, 101, 43958, 43989, 1.0
1, 22, 75, 471, 51, 43990, 44007, 1.0
1, 33, 427, 251, 123, 43990, 44007, 1.0
1, 88, -357, 337, 100, 43990, 44007, 1.0
1, 22, 68, 324, 31, 44008, 44034, 1.0
1, 33, 425, 253, 119, 44008, 44034, 1.0
1, 88, -362, 338, 98, 44008, 44034, 1.0
2, 22, 70, 322, 32, 44035, 44092, 1.0
2, 33, 424, 253, 120, 44035, 44092, 1.0
2, 88, -357, 354, 114, 44035, 44092, 1.0
10, 22, 101, 473, 50, 44093, 44129, 1.0
10, 33, 427, 254, 128, 44093, 44129, 1.0
10, 88, -90, 401, 264, 44093, 44129, 1.0
2, 22, 79, 321, 31, 44130, 44148, 1.0
2, 33, 428, 254, 113, 44130, 44148, 1.0
2, 88, -81, 379, 281, 44130, 44148, 1.0
2, 22, 104, 713, 308, 44188, 44245, 1.0
2, 33, 434, 264, 116, 44188, 44245, 1.0
2, 88, -335, 321, 96, 44188, 44245, 1.0
3, 22, 62, 363, 76, 44246, 44280, 1.0
3, 33, 430, 261, 116, 44246, 44280, 1.0
3, 88, -337, 321, 103, 44246, 44280, 1.0
1, 22, 50, 291, 29, 44281, 44323, 1.0
1, 33, 431, 266, 113, 44281, 44323, 1.0
1, 88, -341, 323, 95, 44281, 44323, 1.0
2, 22, 41, 293, 31, 44324, 44354, 1.0
2, 33, 440, 271, 130, 44324, 44354, 1.0
2, 88, -341, 325, 94, 44324, 44354, 1.0
10, 22, 44, 288, 33, 44355, 44448, 1.0
10, 33, 227, 322, 309, 44355, 44448, 1.0
10, 88, -340, 324, 102, 44355, 44448, 1.0
2, 22, 42, 290, 32, 44449, 44472, 1.0
2, 33, 186, 334, 302, 44449, 44472, 1.0
2, 88, -338, 325, 100, 44449, 44472, 1.0
3, 22, 66, 448, 45, 44473, 44488, 1.0
3, 33, 441, 257, 142, 44473, 44488, 1.0
3, 88, -337, 325, 104, 44473, 44488, 1.0
1, 22, 46, 288, 31, 44489, 44521, 1.0
1, 33, 432, 247, 118, 44489, 44521, 1.0
1, 88, -336, 327, 103, 44489, 44521, 1.0
2, 22, 43, 291, 28, 44522, 44630, 1.0
2, 33, 431, 248, 109, 44522, 44630, 1.0
2, 88, -341, 332, 97, 44522, 44630, 1.0
10, 22, 54, 645, 32, 44631, 44726, 1.0
10, 33, 427, 247, 125, 44631, 44726, 1.0
10, 88, -90, 429, 268, 44631, 44726, 1.0
2, 22, 48, 290, 32, 44727, 44827, 1.0
2, 33, 428, 246, 117, 44727, 44827, 1.0
2, 88, -76, 388, 236, 44727, 44827, 1.0
3, 22, 39, 294, 31, 44828, 44873, 1.0
3, 33, 424, 247, 113, 44828, 44873, 1.0
3, 88, -163, 440, 293, 44828, 44873, 1.0
2, 22, 125, 953, 266, 44893, 44937, 1.0
2, 33, 485, 231, 117, 44893, 44937, 1.0
2, 88, -314, 306, 92, 44893, 44937, 1.0
3, 22, 102, 440, 101, 44938, 44966, 1.0
3, 33, 467, 220, 127, 44938, 44966, 1.0
3, 88, -315, 307, 91, 44938, 44966, 1.0
1, 22, 98, 438, 47, 44967, 44997, 1.0
1, 33, 468, 220, 126, 44967, 44997, 1.0
1, 88, -316, 307, 90, 44967, 44997, 1.0
2, 22, 89, 323, 28, 44998, 45006, 1.0
2, 33, 483, 227, 107, 44998, 45006, 1.0
2, 88, -323, 315, 85, 44998, 45006, 1.0
10, 22, 94, 443, 45, 45007, 45053, 1.0
10, 33, 208, 335, 242, 45007, 45053, 1.0
10, 88, -314, 307, 91, 45007, 45053, 1.0
2, 22, 92, 316, 33, 45054, 45077, 1.0
2, 33, 235, 328, 285, 45054, 45077, 1.0
2, 88, -309, 310, 81, 45054, 45077, 1.0
3, 22, 95, 444, 44, 45078, 45128, 1.0
3, 33, 472, 272, 180, 45078, 45128, 1.0
3, 88, -315, 307, 90, 45078, 45128, 1.0
1, 22, 70, 309, 35, 45129, 45156, 1.0
1, 33, 461, 264, 115, 45129, 45156, 1.0
1, 88, -318, 308, 88, 45129, 45156, 1.0
2, 22, 97, 442, 45, 45157, 45235, 1.0
2, 33, 461, 266, 127, 45157, 45235, 1.0
2, 88, -297, 306, 95, 45157, 45235, 1.0
10, 22, 95, 442, 47, 45236, 45299, 1.0
10, 33, 462, 264, 122, 45236, 45299, 1.0
10, 88, -89, 417, 224, 45236, 45299, 1.0
2, 22, 80, 309, 34, 45300, 45328, 1.0
2, 33, 461, 266, 125, 45300, 45328, 1.0
2, 88, -81, 402, 231, 45300, 45328, 1.0
3, 22, 76, 304, 41, 45329, 45373, 1.0
3, 33, 461, 265, 125, 45329, 45373, 1.0
3, 88, -292, 350, 172, 45329, 45373, 1.0
2, 22, 58, 860, 272, 45393, 45438, 1.0
2, 88, -321, 346, 89, 45393, 45438, 1.0
2, 33, 465, 265, 108, 45393, 45438, 1.0
3, 22, 145, 517, 99, 45439, 45462, 1.0
3, 33, 464, 269, 123, 45439, 45462, 1.0
3, 88, -321, 346, 94, 45439, 45462, 1.0
1, 22, 113, 392, 58, 45463, 45496, 1.0
1, 33, 463, 269, 123, 45463, 45496, 1.0
1, 88, -322, 346, 93, 45463, 45496, 1.0
2, 22, 123, 472, 61, 45497, 45533, 1.0
2, 33, 480, 282, 139, 45497, 45533, 1.0
2, 88, -322, 346, 93, 45497, 45533, 1.0
10, 22, 103, 401, 60, 45534, 45608, 1.0
10, 33, 308, 314, 303, 45534, 45608, 1.0
10, 88, -321, 346, 95, 45534, 45608, 1.0
2, 22, 113, 469, 64, 45609, 45638, 1.0
2, 33, 269, 334, 309, 45609, 45638, 1.0
2, 88, -321, 346, 95, 45609, 45638, 1.0
3, 22, 119, 470, 64, 45639, 45668, 1.0
3, 33, 450, 270, 172, 45639, 45668, 1.0
3, 88, -322, 346, 93, 45639, 45668, 1.0
1, 22, 111, 391, 47, 45680, 45688, 1.0
1, 33, 476, 265, 113, 45680, 45688, 1.0
1, 88, -322, 346, 89, 45680, 45688, 1.0
2, 22, 121, 469, 61, 45689, 45769, 1.0
2, 33, 468, 261, 127, 45689, 45769, 1.0
2, 88, -333, 360, 113, 45689, 45769, 1.0
10, 22, 121, 312, 40, 45770, 45843, 1.0
10, 33, 471, 260, 117, 45770, 45843, 1.0
10, 88, -73, 431, 268, 45770, 45843, 1.0
2, 22, 124, 472, 60, 45844, 45902, 1.0
2, 33, 470, 259, 128, 45844, 45902, 1.0
2, 88, -75, 413, 271, 45844, 45902, 1.0
3, 22, 121, 469, 62, 45903, 45933, 1.0
3, 33, 467, 259, 130, 45903, 45933, 1.0
3, 88, -323, 328, 112, 45903, 45933, 1.0
1, 77, 103, 271, 92, 45993, 46033, 1.0
1, 111, -343, 352, 78, 45993, 46033, 1.0
5, 77, 109, 267, 92, 46034, 46158, 1.0
5, 111, -357, 350, 56, 46034, 46158, 1.0
1, 77, 97, 271, 84, 46159, 46172, 1.0
1, 111, -348, 349, 80, 46159, 46172, 1.0
2, 77, 98, 269, 89, 46173, 46239, 1.0
2, 111, -336, 384, 29, 46173, 46239, 1.0
8, 77, 95, 268, 93, 46240, 46247, 1.0
8, 111, -344, 348, 94, 46240, 46247, 1.0
1, 77, 91, 268, 83, 46248, 46251, 1.0
1, 111, -333, 386, 30, 46248, 46251, 1.0
2, 77, 97, 268, 96, 46252, 46280, 1.0
2, 111, -333, 372, 67, 46252, 46280, 1.0
9, 77, 111, 271, 73, 46281, 46328, 1.0
9, 111, -155, 397, 572, 46281, 46328, 1.0
2, 77, 96, 270, 100, 46329, 46343, 1.0
2, 111, -195, 395, 598, 46329, 46343, 1.0
3, 77, 98, 270, 95, 46344, 46383, 1.0
3, 111, -307, 413, 198, 46344, 46383, 1.0
1, 77, 234, 307, 90, 46433, 46468, 1.0
1, 111, -335, 340, 30, 46433, 46468, 1.0
5, 77, 235, 305, 112, 46469, 46543, 1.0
5, 111, -339, 339, 37, 46469, 46543, 1.0
4, 33, -380, 323, 20, 46544, 46604, 1.0
1, 33, -385, 248, 5, 46605, 46643, 1.0
2, 33, -378, 251, 5, 46644, 46687, 1.0
3, 33, -382, 321, 20, 46688, 46741, 1.0
1, 33, -382, 324, 21, 46742, 46779, 1.0
2, 33, -381, 321, 21, 46780, 46855, 1.0
3, 33, 148, 218, 175, 46856, 46903, 1.0
1, 33, 165, 214, 115, 46904, 46943, 1.0
2, 33, 164, 211, 114, 46944, 47005, 1.0
3, 33, 165, 219, 116, 47006, 47049, 1.0
4, 33, 158, 202, 108, 47050, 47091, 1.0
4, 22, -321, 316, 29, 47092, 47157, 1.0
1, 22, -323, 315, 24, 47158, 47191, 1.0
2, 22, -321, 318, 24, 47192, 47226, 1.0
3, 22, -329, 316, 27, 47227, 47278, 1.0
4, 22, -323, 315, 29, 47279, 47305, 1.0
1, 22, -346, 337, 16, 47306, 47334, 1.0
2, 22, -361, 449, 41, 47335, 47379, 1.0
3, 22, 280, 292, 197, 47380, 47428, 1.0
4, 22, 303, 391, 91, 47429, 47466, 1.0
4, 44, -243, 446, -13, 47467, 47526, 1.0
1, 44, -280, 570, 3, 47527, 47560, 1.0
2, 44, -275, 553, -4, 47561, 47602, 1.0
3, 44, -259, 539, -5, 47603, 47657, 1.0
1, 44, -221, 565, 1, 47658, 47693, 1.0
2, 44, -291, 552, 0, 47694, 47741, 1.0
3, 44, 54, 488, 84, 47742, 47808, 1.0
1, 44, 121, 469, 20, 47809, 47845, 1.0
2, 44, 118, 691, 4, 47846, 47897, 1.0
3, 44, 0, 0, 0, 47898, 47946, 1.0
1, 44, 0, 0, 0, 47947, 47980, 1.0
2, 44, 0, 0, 0, 47981, 47996, 1.0
3, 44, 0, 0, 0, 47997, 48042, 1.0
4, 44, 0, 0, 0, 48043, 48066, 1.0
4, 44, -7, 947, -79, 48067, 48115, 1.0
1, 44, 74, 726, 0, 48116, 48140, 1.0
2, 44, -9, 500, 31, 48141, 48181, 1.0
3, 44, 462, 367, 32, 48182, 48214, 1.0
1, 44, 513, 381, 11, 48215, 48235, 1.0
2, 44, 453, 332, 4, 48236, 48272, 1.0
3, 44, 322, 244, 25, 48273, 48322, 1.0
1, 44, 515, 400, 13, 48323, 48349, 1.0
2, 44, 434, 424, 10, 48350, 48364, 1.0
3, 44, 414, 386, 9, 48365, 48414, 1.0
2, 44, 562, 336, 14, 48415, 48460, 1.0
3, 44, 550, 271, 8, 48461, 48502, 1.0
4, 44, 495, 341, 7, 48503, 48554, 1.0
4, 22, 249, 411, 91, 48555, 48606, 1.0
1, 22, 250, 409, 91, 48607, 48637, 1.0
2, 22, 247, 410, 93, 48638, 48727, 1.0
3, 22, -339, 401, 81, 48728, 48774, 1.0
1, 22, -385, 468, 35, 48775, 48842, 1.0
2, 22, -348, 338, 25, 48843, 48890, 1.0
3, 22, -348, 338, 26, 48891, 48934, 1.0
4, 22, -351, 338, 25, 48935, 48981, 1.0
4, 33, 156, 290, 170, 48982, 49026, 1.0
1, 33, 154, 290, 170, 49027, 49078, 1.0
2, 33, 144, 297, 173, 49079, 49130, 1.0
3, 33, -145, 198, 78, 49131, 49183, 1.0
1, 33, -189, 199, 23, 49184, 49227, 1.0
2, 33, -190, 199, 22, 49228, 49279, 1.0
3, 33, -190, 202, 24, 49280, 49319, 1.0
1, 33, -189, 200, 23, 49320, 49351, 1.0
2, 33, -198, 119, 4, 49352, 49422, 1.0
3, 33, -191, 201, 23, 49423, 49461, 1.0
4, 33, -197, 125, 8, 49462, 49498, 1.0
4, 55, 563, 793, 190, 49499, 49547, 1.0
4, 33, 79, 190, 29, 49499, 49547, 1.0
1, 55, 563, 796, 187, 49548, 49588, 1.0
1, 33, -1, 266, 50, 49548, 49588, 1.0
5, 55, 542, 728, 209, 49589, 49737, 1.0
5, 33, 77, 190, 30, 49589, 49737, 1.0
1, 55, 460, 867, 181, 49738, 49788, 1.0
1, 33, 76, 189, 29, 49738, 49788, 1.0
2, 55, 458, 862, 171, 49789, 49918, 1.0
2, 33, -29, 305, 58, 49789, 49918, 1.0
3, 55, 421, 790, 199, 49919, 49988, 1.0
3, 33, 439, 829, 143, 49919, 49988, 1.0
1, 55, 481, 841, 180, 49989, 50033, 1.0
1, 33, 481, 899, 105, 49989, 50033, 1.0
6, 55, 454, 858, 181, 50034, 50117, 1.0
6, 33, 483, 967, 114, 50034, 50117, 1.0
4, 55, 580, 774, 186, 50118, 50142, 1.0
4, 33, 0, 0, 0, 50118, 50142, 1.0
4, 55, 568, 796, 189, 50143, 50197, 1.0
4, 22, -294, 388, 64, 50143, 50197, 1.0
1, 55, 566, 797, 188, 50198, 50252, 1.0
1, 22, -294, 388, 65, 50198, 50252, 1.0
5, 55, 544, 720, 211, 50253, 50407, 1.0
5, 22, -294, 387, 65, 50253, 50407, 1.0
1, 55, 447, 877, 184, 50408, 50442, 1.0
1, 22, -295, 387, 64, 50408, 50442, 1.0
2, 55, 459, 870, 168, 50443, 50582, 1.0
2, 22, -280, 277, 44, 50443, 50582, 1.0
3, 55, 499, 829, 188, 50583, 50646, 1.0
3, 22, 397, 854, 172, 50583, 50646, 1.0
1, 55, 501, 861, 180, 50647, 50665, 1.0
1, 22, 532, 932, 125, 50647, 50665, 1.0
6, 55, 498, 864, 181, 50666, 50759, 1.0
6, 22, 545, 1037, 130, 50666, 50759, 1.0
4, 55, 554, 751, 199, 50760, 50816, 1.0
4, 22, 0, 0, 0, 50760, 50816, 1.0
4, 55, 571, 800, 188, 50817, 50865, 1.0
4, 22, -179, 302, 73, 50817, 50865, 1.0
1, 55, 571, 804, 187, 50866, 50895, 1.0
1, 22, -178, 303, 74, 50866, 50895, 1.0
5, 55, 549, 748, 197, 50896, 51035, 1.0
5, 22, -193, 375, 78, 50896, 51035, 1.0
1, 55, 480, 857, 176, 51036, 51064, 1.0
1, 22, -184, 306, 75, 51036, 51064, 1.0
2, 55, 483, 866, 171, 51065, 51186, 1.0
2, 22, -186, 304, 77, 51065, 51186, 1.0
3, 55, 534, 814, 184, 51187, 51238, 1.0
3, 22, 451, 927, 163, 51187, 51238, 1.0
4, 55, 598, 806, 189, 51239, 51254, 1.0
4, 22, 514, 867, 155, 51239, 51254, 1.0
6, 55, 482, 859, 186, 51255, 51346, 1.0
6, 22, 512, 909, 143, 51255, 51346, 1.0
4, 55, 563, 782, 192, 51347, 51384, 1.0
4, 22, 0, 0, 0, 51347, 51384, 1.0
2, 22, -36, 559, 294, 51429, 51454, 1.0
2, 33, 321, 415, 138, 51429, 51454, 1.0
2, 88, -401, 336, 99, 51429, 51454, 1.0
3, 22, -46, 398, 97, 51455, 51489, 1.0
3, 33, 321, 415, 139, 51455, 51489, 1.0
3, 88, -402, 336, 101, 51455, 51489, 1.0
1, 22, -60, 380, 62, 51490, 51517, 1.0
1, 33, 321, 415, 138, 51490, 51517, 1.0
1, 88, -402, 336, 99, 51490, 51517, 1.0
2, 22, -54, 380, 56, 51518, 51554, 1.0
2, 33, 327, 419, 146, 51518, 51554, 1.0
2, 88, -402, 336, 101, 51518, 51554, 1.0
10, 22, -55, 380, 56, 51555, 51619, 1.0
10, 33, 137, 385, 196, 51555, 51619, 1.0
10, 88, -402, 336, 100, 51555, 51619, 1.0
2, 22, -54, 379, 56, 51620, 51648, 1.0
2, 33, 109, 421, 198, 51620, 51648, 1.0
2, 88, -402, 336, 101, 51620, 51648, 1.0
3, 22, -54, 379, 56, 51649, 51681, 1.0
3, 33, 280, 435, 140, 51649, 51681, 1.0
3, 88, -401, 337, 101, 51649, 51681, 1.0
1, 22, -54, 379, 56, 51682, 51701, 1.0
1, 33, 288, 420, 130, 51682, 51701, 1.0
1, 88, -402, 336, 100, 51682, 51701, 1.0
2, 22, -54, 379, 56, 51702, 51796, 1.0
2, 33, 290, 422, 141, 51702, 51796, 1.0
2, 88, -409, 343, 113, 51702, 51796, 1.0
10, 22, -55, 379, 57, 51797, 51924, 1.0
10, 33, 290, 422, 141, 51797, 51924, 1.0
10, 88, -221, 398, 168, 51797, 51924, 1.0
2, 22, -54, 378, 57, 51925, 51978, 1.0
2, 33, 291, 422, 140, 51925, 51978, 1.0
2, 88, -247, 419, 146, 51925, 51978, 1.0
3, 22, -55, 378, 57, 51979, 52044, 1.0
3, 33, 291, 422, 140, 51979, 52044, 1.0
3, 88, -373, 349, 129, 51979, 52044, 1.0
2, 22, -39, 327, 338, 52084, 52111, 1.0
2, 33, 316, 396, 142, 52084, 52111, 1.0
2, 88, -386, 308, 101, 52084, 52111, 1.0
3, 22, -71, 286, 100, 52112, 52164, 1.0
3, 33, 315, 396, 142, 52112, 52164, 1.0
3, 88, -387, 307, 100, 52112, 52164, 1.0
1, 22, -67, 336, 58, 52165, 52194, 1.0
1, 33, 316, 396, 141, 52165, 52194, 1.0
1, 88, -387, 308, 100, 52165, 52194, 1.0
2, 22, -52, 333, 54, 52195, 52269, 1.0
2, 33, 310, 391, 141, 52195, 52269, 1.0
2, 88, -387, 308, 101, 52195, 52269, 1.0
10, 22, -51, 339, 52, 52270, 52324, 1.0
10, 33, 103, 277, 224, 52270, 52324, 1.0
10, 88, -388, 313, 98, 52270, 52324, 1.0
2, 22, -52, 334, 54, 52325, 52410, 1.0
2, 33, 100, 293, 225, 52325, 52410, 1.0
2, 88, -386, 308, 99, 52325, 52410, 1.0
3, 22, -52, 339, 51, 52411, 52442, 1.0
3, 33, 305, 295, 135, 52411, 52442, 1.0
3, 88, -388, 313, 98, 52411, 52442, 1.0
1, 22, -51, 339, 52, 52443, 52470, 1.0
1, 33, 285, 286, 122, 52443, 52470, 1.0
1, 88, -388, 313, 99, 52443, 52470, 1.0
2, 22, -53, 295, 53, 52471, 52596, 1.0
2, 33, 284, 285, 143, 52471, 52596, 1.0
2, 88, -386, 360, 127, 52471, 52596, 1.0
10, 22, -41, 335, 58, 52597, 52669, 1.0
10, 33, 284, 285, 141, 52597, 52669, 1.0
10, 88, -193, 247, 154, 52597, 52669, 1.0
2, 22, -40, 334, 57, 52670, 52761, 1.0
2, 33, 284, 285, 143, 52670, 52761, 1.0
2, 88, -205, 257, 150, 52670, 52761, 1.0
3, 22, -52, 337, 52, 52762, 52798, 1.0
3, 33, 284, 285, 142, 52762, 52798, 1.0
3, 88, -410, 254, 144, 52762, 52798, 1.0
2, 22, -77, 436, 332, 52838, 52869, 1.0
2, 33, 346, 362, 144, 52838, 52869, 1.0
2, 88, -437, 335, 106, 52838, 52869, 1.0
3, 22, -95, 297, 99, 52870, 52912, 1.0
3, 33, 346, 362, 144, 52870, 52912, 1.0
3, 88, -436, 335, 105, 52870, 52912, 1.0
1, 22, -88, 303, 49, 52913, 52946, 1.0
1, 33, 346, 362, 144, 52913, 52946, 1.0
1, 88, -436, 335, 107, 52913, 52946, 1.0
2, 22, -88, 372, 50, 52947, 53101, 1.0
2, 33, 346, 367, 144, 52947, 53101, 1.0
2, 88, -436, 336, 104, 52947, 53101, 1.0
10, 22, -65, 225, 43, 53102, 53191, 1.0
10, 33, 77, 374, 185, 53102, 53191, 1.0
10, 88, -433, 339, 101, 53102, 53191, 1.0
2, 22, -72, 221, 41, 53192, 53250, 1.0
2, 33, 105, 335, 206, 53192, 53250, 1.0
2, 88, -436, 335, 104, 53192, 53250, 1.0
3, 22, -72, 220, 42, 53251, 53302, 1.0
3, 33, 340, 288, 176, 53251, 53302, 1.0
3, 88, -436, 334, 106, 53251, 53302, 1.0
1, 22, -87, 372, 50, 53303, 53335, 1.0
1, 33, 323, 272, 149, 53303, 53335, 1.0
1, 88, -436, 335, 105, 53303, 53335, 1.0
2, 22, -87, 372, 50, 53336, 53467, 1.0
2, 33, 323, 276, 149, 53336, 53467, 1.0
2, 88, -435, 332, 110, 53336, 53467, 1.0
10, 22, -88, 371, 50, 53468, 53614, 1.0
10, 33, 321, 275, 155, 53468, 53614, 1.0
10, 88, -249, 258, 165, 53468, 53614, 1.0
2, 22, -85, 375, 47, 53615, 53750, 1.0
2, 33, 319, 272, 157, 53615, 53750, 1.0
2, 88, -280, 280, 182, 53615, 53750, 1.0
3, 22, -87, 375, 47, 53751, 53774, 1.0
3, 33, 320, 271, 158, 53751, 53774, 1.0
3, 88, -468, 246, 123, 53751, 53774, 1.0
2, 22, -117, 448, 229, 53814, 53844, 1.0
2, 33, 332, 272, 156, 53814, 53844, 1.0
2, 88, -437, 261, 102, 53814, 53844, 1.0
3, 22, -111, 290, 77, 53845, 53894, 1.0
3, 33, 332, 272, 156, 53845, 53894, 1.0
3, 88, -438, 262, 104, 53845, 53894, 1.0
1, 22, -104, 295, 62, 53895, 53928, 1.0
1, 33, 331, 272, 155, 53895, 53928, 1.0
1, 88, -438, 262, 103, 53895, 53928, 1.0
2, 22, -99, 305, 64, 53929, 54033, 1.0
2, 33, 331, 277, 156, 53929, 54033, 1.0
2, 88, -437, 262, 103, 53929, 54033, 1.0
10, 22, -99, 315, 62, 54034, 54106, 1.0
10, 33, 132, 284, 224, 54034, 54106, 1.0
10, 88, -438, 262, 107, 54034, 54106, 1.0
2, 22, -100, 302, 61, 54107, 54151, 1.0
2, 33, 92, 266, 209, 54107, 54151, 1.0
2, 88, -437, 262, 107, 54107, 54151, 1.0
3, 22, -105, 300, 63, 54152, 54191, 1.0
3, 33, 292, 292, 162, 54152, 54191, 1.0
3, 88, -438, 262, 106, 54152, 54191, 1.0
1, 22, -103, 296, 63, 54192, 54219, 1.0
1, 33, 295, 266, 161, 54192, 54219, 1.0
1, 88, -438, 262, 106, 54192, 54219, 1.0
2, 22, -101, 294, 63, 54220, 54337, 1.0
2, 33, 295, 272, 159, 54220, 54337, 1.0
2, 88, -438, 263, 106, 54220, 54337, 1.0
10, 22, -98, 298, 64, 54338, 54435, 1.0
10, 33, 295, 268, 158, 54338, 54435, 1.0
10, 88, -312, 243, 156, 54338, 54435, 1.0
2, 22, -102, 303, 67, 54436, 54557, 1.0
2, 33, 295, 269, 161, 54436, 54557, 1.0
2, 88, -287, 216, 200, 54436, 54557, 1.0
3, 22, -105, 309, 64, 54558, 54584, 1.0
3, 33, 294, 269, 161, 54558, 54584, 1.0
3, 88, -464, 241, 121, 54558, 54584, 1.0
1, 77, 267, 284, 128, 54624, 54653, 1.0
1, 111, -297, 255, 103, 54624, 54653, 1.0
5, 77, 260, 291, 143, 54654, 54730, 1.0
5, 111, -297, 255, 93, 54654, 54730, 1.0
5, 77, 258, 298, 143, 54831, 54941, 1.0
5, 111, -305, 281, 116, 54831, 54941, 1.0
1, 77, 252, 299, 135, 54942, 54954, 1.0
1, 111, -298, 253, 108, 54942, 54954, 1.0
2, 77, 269, 329, 166, 54955, 55027, 1.0
2, 111, -297, 255, 105, 54955, 55027, 1.0
8, 77, 276, 292, 133, 55028, 55041, 1.0
8, 111, -297, 253, 105, 55028, 55041, 1.0
1, 77, 269, 295, 129, 55042, 55088, 1.0
1, 111, -297, 253, 107, 55042, 55088, 1.0
1, 77, 282, 275, 133, 55089, 55119, 1.0
1, 111, -298, 254, 104, 55089, 55119, 1.0
2, 77, 283, 275, 133, 55120, 55189, 1.0
2, 111, -300, 260, 90, 55120, 55189, 1.0
9, 77, 281, 276, 137, 55190, 55232, 1.0
9, 111, -74, 439, 523, 55190, 55232, 1.0
2, 77, 278, 275, 133, 55233, 55274, 1.0
2, 111, -75, 521, 404, 55233, 55274, 1.0
3, 77, 281, 276, 133, 55275, 55299, 1.0
3, 111, -231, 281, 144, 55275, 55299, 1.0
1, 77, 242, 342, 109, 55329, 55359, 1.0
1, 111, -141, 309, 53, 55329, 55359, 1.0
5, 77, 240, 345, 117, 55360, 55436, 1.0
5, 111, -143, 309, 54, 55360, 55436, 1.0
1, 77, 237, 339, 99, 55437, 55450, 1.0
1, 111, -143, 309, 54, 55437, 55450, 1.0
2, 77, 241, 345, 110, 55451, 55504, 1.0
2, 111, -143, 308, 54, 55451, 55504, 1.0
8, 77, 242, 337, 91, 55505, 55527, 1.0
8, 111, -143, 309, 54, 55505, 55527, 1.0
1, 77, 243, 337, 91, 55528, 55569, 1.0
1, 111, -143, 309, 52, 55528, 55569, 1.0
1, 77, 263, 321, 91, 55570, 55593, 1.0
1, 111, -143, 308, 53, 55570, 55593, 1.0
2, 77, 263, 321, 90, 55594, 55661, 1.0
2, 111, -156, 311, 54, 55594, 55661, 1.0
9, 77, 263, 321, 92, 55662, 55720, 1.0
9, 111, -102, 425, 506, 55662, 55720, 1.0
2, 77, 263, 321, 91, 55721, 55771, 1.0
2, 111, -131, 455, 483, 55721, 55771, 1.0
3, 77, 263, 321, 92, 55772, 55821, 1.0
3, 111, -219, 312, 105, 55772, 55821, 1.0
1, 77, -337, 247, 97, 55871, 55911, 1.0
1, 111, 230, 345, 62, 55871, 55911, 1.0
5, 77, -337, 240, 102, 55912, 55991, 1.0
5, 111, 231, 345, 63, 55912, 55991, 1.0
1, 77, -348, 260, 92, 55992, 56004, 1.0
1, 111, 230, 345, 63, 55992, 56004, 1.0
2, 77, -342, 250, 98, 56005, 56056, 1.0
2, 111, 230, 345, 64, 56005, 56056, 1.0
8, 77, -338, 239, 76, 56057, 56081, 1.0
8, 111, 229, 346, 62, 56057, 56081, 1.0
1, 77, -336, 239, 75, 56082, 56139, 1.0
1, 111, 229, 345, 62, 56082, 56139, 1.0
2, 77, -337, 240, 76, 56140, 56200, 1.0
2, 111, 219, 316, 54, 56140, 56200, 1.0
9, 77, -336, 239, 76, 56201, 56270, 1.0
9, 111, -80, 345, 485, 56201, 56270, 1.0
2, 77, -337, 239, 75, 56271, 56321, 1.0
2, 111, -97, 406, 485, 56271, 56321, 1.0
3, 77, -337, 239, 76, 56322, 56370, 1.0
3, 111, 184, 294, 95, 56322, 56370, 1.0
4, 44, -200, 513, 9, 56371, 56423, 1.0
1, 44, -230, 640, -20, 56424, 56456, 1.0
2, 44, -206, 516, 11, 56457, 56528, 1.0
3, 44, -282, 425, 1, 56529, 56585, 1.0
1, 44, 0, 0, 0, 56586, 56618, 1.0
2, 44, 0, 0, 0, 56619, 56673, 1.0
3, 44, 0, 0, 0, 56674, 56728, 1.0
1, 44, 0, 0, 0, 56729, 56762, 1.0
2, 44, 0, 0, 0, 56763, 56815, 1.0
3, 44, 0, 0, 0, 56816, 56882, 1.0
1, 44, 0, 0, 0, 56883, 56904, 1.0
2, 44, 0, 0, 0, 56905, 56953, 1.0
3, 44, 0, 0, 0, 56954, 57018, 1.0
4, 44, 0, 0, 0, 57019, 57065, 1.0
4, 33, -358, 273, 17, 57066, 57111, 1.0
1, 33, -359, 272, 16, 57112, 57140, 1.0
2, 33, -364, 354, 39, 57141, 57191, 1.0
3, 33, -35, 334, 148, 57192, 57223, 1.0
2, 33, -67, 384, 90, 57224, 57234, 1.0
3, 33, -58, 331, 91, 57235, 57292, 1.0
1, 33, -57, 281, 75, 57293, 57329, 1.0
2, 33, -57, 281, 75, 57330, 57390, 1.0
3, 33, -57, 282, 74, 57391, 57451, 1.0
4, 33, -58, 281, 75, 57452, 57482, 1.0
4, 22, -228, 358, 45, 57483, 57531, 1.0
1, 22, -227, 357, 45, 57532, 57559, 1.0
2, 22, -225, 360, 49, 57560, 57624, 1.0
3, 22, 55, 374, 176, 57625, 57720, 1.0
1, 22, 49, 428, 87, 57721, 57747, 1.0
2, 22, 49, 426, 87, 57748, 57790, 1.0
3, 22, 59, 436, 75, 57791, 57856, 1.0
4, 22, 0, 0, 0, 57857, 57891, 1.0
4, 22, -157, 410, 93, 57892, 57926, 1.0
1, 22, -157, 411, 93, 57927, 57960, 1.0
2, 22, -152, 405, 99, 57961, 58015, 1.0
3, 22, 150, 273, 81, 58016, 58046, 1.0
1, 22, 172, 318, 57, 58047, 58080, 1.0
2, 22, 179, 322, 56, 58081, 58161, 1.0
3, 22, 168, 261, 55, 58162, 58208, 1.0
2, 22, 168, 260, 54, 58209, 58249, 1.0
4, 22, 168, 261, 55, 58250, 58264, 1.0
4, 44, -41, 329, 25, 58265, 58301, 1.0
1, 44, 24, 338, 24, 58302, 58326, 1.0
2, 44, 27, 329, 73, 58327, 58404, 1.0
3, 44, 370, 363, 71, 58405, 58454, 1.0
1, 44, 388, 257, 15, 58455, 58494, 1.0
2, 44, 396, 171, 15, 58495, 58544, 1.0
3, 44, 390, 170, 13, 58545, 58580, 1.0
1, 44, 373, 184, 13, 58581, 58604, 1.0
2, 44, 388, 192, 15, 58605, 58671, 1.0
3, 44, 392, 170, 14, 58672, 58705, 1.0
1, 44, 389, 169, 14, 58706, 58726, 1.0
2, 44, 390, 169, 14, 58727, 58778, 1.0
3, 44, 390, 170, 14, 58779, 58827, 1.0
2, 44, 375, 179, 14, 58831, 58848, 1.0
4, 44, 387, 169, 15, 58849, 58880, 1.0
4, 33, -82, 273, 184, 58881, 58914, 1.0
1, 33, -80, 271, 184, 58915, 58961, 1.0
2, 33, -81, 289, 191, 58962, 59016, 1.0
3, 33, 300, 391, 112, 59017, 59047, 1.0
1, 33, 307, 315, 35, 59048, 59075, 1.0
2, 33, 312, 309, 34, 59076, 59118, 1.0
3, 33, 306, 315, 35, 59119, 59153, 1.0
1, 33, 315, 309, 35, 59154, 59185, 1.0
2, 33, 313, 308, 34, 59186, 59224, 1.0
3, 33, 301, 180, 117, 59225, 59262, 1.0
1, 33, 323, 223, 168, 59263, 59280, 1.0
2, 33, 470, 445, 25, 59281, 59303, 1.0
3, 33, 469, 445, 25, 59304, 59323, 1.0
4, 33, 469, 442, 26, 59324, 59357, 1.0
4, 55, 394, 821, 181, 59358, 59427, 1.0
4, 33, -190, 188, 15, 59358, 59427, 1.0
1, 55, 394, 817, 179, 59428, 59472, 1.0
1, 33, -188, 188, 16, 59428, 59472, 1.0
5, 55, 374, 735, 202, 59473, 59520, 1.0
5, 33, -191, 188, 16, 59473, 59520, 1.0
1, 55, 317, 884, 163, 59521, 59569, 1.0
1, 33, -192, 189, 17, 59521, 59569, 1.0
2, 55, 275, 881, 172, 59570, 59653, 1.0
2, 33, -192, 187, 14, 59570, 59653, 1.0
3, 55, 263, 804, 180, 59654, 59721, 1.0
3, 33, 211, 741, 157, 59654, 59721, 1.0
1, 55, 313, 865, 173, 59722, 59757, 1.0
1, 33, 299, 935, 96, 59722, 59757, 1.0
6, 55, 273, 875, 163, 59758, 59857, 1.0
6, 33, 291, 992, 99, 59758, 59857, 1.0
4, 55, 390, 796, 177, 59858, 59883, 1.0
4, 33, 0, 0, 0, 59858, 59883, 1.0
4, 55, 393, 823, 180, 59884, 59933, 1.0
4, 22, -270, 300, 46, 59884, 59933, 1.0
1, 55, 395, 820, 179, 59934, 59971, 1.0
1, 22, -271, 299, 45, 59934, 59971, 1.0
5, 55, 381, 735, 202, 59972, 60077, 1.0
5, 22, -271, 299, 45, 59972, 60077, 1.0
1, 55, 311, 883, 168, 60078, 60107, 1.0
1, 22, -276, 298, 43, 60078, 60107, 1.0
2, 55, 271, 884, 167, 60108, 60189, 1.0
2, 22, -280, 304, 55, 60108, 60189, 1.0
3, 55, 318, 849, 167, 60190, 60237, 1.0
3, 22, 243, 767, 188, 60190, 60237, 1.0
1, 55, 413, 847, 168, 60238, 60266, 1.0
1, 22, 334, 1053, 125, 60238, 60266, 1.0
6, 55, 273, 873, 164, 60267, 60353, 1.0
6, 22, 327, 942, 109, 60267, 60353, 1.0
4, 55, 390, 797, 177, 60354, 60394, 1.0
4, 22, 0, 0, 0, 60354, 60394, 1.0
4, 55, 394, 816, 180, 60395, 60429, 1.0
4, 22, -258, 332, 60, 60395, 60429, 1.0
1, 55, 393, 815, 180, 60430, 60479, 1.0
1, 22, -259, 332, 59, 60430, 60479, 1.0
5, 55, 375, 730, 200, 60480, 60569, 1.0
5, 22, -259, 333, 60, 60480, 60569, 1.0
1, 55, 268, 879, 165, 60570, 60609, 1.0
1, 22, -264, 329, 52, 60570, 60609, 1.0
2, 55, 276, 873, 166, 60610, 60691, 1.0
2, 22, -261, 339, 63, 60610, 60691, 1.0
3, 55, 335, 837, 166, 60692, 60752, 1.0
3, 22, 211, 763, 193, 60692, 60752, 1.0
1, 55, 383, 848, 179, 60753, 60780, 1.0
1, 22, 324, 1037, 142, 60753, 60780, 1.0
6, 55, 269, 869, 169, 60781, 60872, 1.0
6, 22, 312, 901, 117, 60781, 60872, 1.0
4, 55, 388, 800, 179, 60873, 60908, 1.0
4, 22, 0, 0, 0, 60873, 60908, 1.0
