50, 0
105, 0
106, 0
154, 0
155, 0
197, 0
198, 0
256, 0
257, 0
400, 0
401, 0
455, 0
456, 0
499, 0
500, 0
528, 0
529, 0
574, 0
575, 0
696, 0
697, 0
728, 0
729, 0
780, 0
820, 0
873, 0
874, 1
932, 1
933, 1
985, 1
986, 1
1100, 1
1101, 1
1225, 1
1226, 1
1255, 1
1256, 1
1288, 1
1289, 1
1315, 1
1316, 1
1355, 1
1356, 1
1458, 1
1459, 1
1472, 1
1473, 1
1518, 1
1568, 1
1622, 1
1623, 2
1676, 2
1677, 2
1713, 2
1714, 2
1812, 2
1813, 2
1888, 2
1889, 2
2082, 2
2083, 2
2135, 2
2136, 2
2177, 2
2178, 2
2224, 2
2225, 2
2266, 2
2267, 2
2376, 2
2377, 2
2401, 2
2402, 2
2439, 2
2489, 2
2529, 2
2530, 3
2579, 3
2580, 3
2613, 3
2614, 3
2697, 3
2698, 3
2733, 3
2734, 3
2789, 3
2790, 3
2959, 3
2960, 3
2991, 3
2992, 3
3013, 3
3014, 3
3045, 3
3046, 3
3099, 3
3100, 3
3179, 3
3180, 3
3195, 3
3196, 3
3231, 3
3266, 3
3296, 3
3297, 4
3373, 4
3374, 4
3396, 4
3397, 4
3465, 4
3466, 4
3493, 4
3494, 4
3527, 4
3528, 4
3554, 4
3555, 4
3633, 4
3634, 4
3656, 4
3657, 4
3693, 4
3738, 4
3778, 4
3779, 5
3911, 5
3912, 5
3939, 5
3940, 5
4010, 5
4011, 5
4045, 5
4046, 5
4076, 5
4077, 5
4133, 5
4134, 5
4258, 5
4259, 5
4293, 5
4294, 5
4337, 5
4382, 5
4424, 5
4425, 6
4504, 6
4505, 6
4520, 6
4521, 6
4555, 6
4556, 6
4597, 6
4598, 6
4627, 6
4628, 6
4637, 6
4638, 6
4659, 6
4660, 6
4681, 6
4682, 6
4782, 6
4783, 6
4817, 6
4818, 6
4867, 6
4868, 6
4912, 6
4913, 7
4971, 7
4972, 7
5031, 7
5032, 7
5063, 7
5064, 7
5094, 7
5095, 7
5140, 7
5141, 7
5173, 7
5174, 7
5207, 7
5208, 7
5263, 7
5264, 7
5307, 7
5308, 7
5357, 7
5358, 7
5387, 7
5388, 8
5439, 8
5440, 8
5491, 8
5492, 8
5535, 8
5536, 8
5559, 8
5560, 8
5605, 8
5606, 8
5638, 8
5639, 8
5675, 8
5676, 8
5712, 8
5713, 8
5742, 8
5743, 8
5795, 8
5796, 8
6305, 8
6306, 9
6345, 9
6346, 9
6400, 9
6401, 9
6440, 9
6441, 9
6491, 9
6492, 9
6542, 9
6543, 9
6579, 9
6580, 9
6656, 9
6657, 9
6821, 9
6822, 10
6864, 10
6865, 10
6902, 10
6903, 10
6925, 10
6926, 10
6966, 10
6967, 10
7016, 10
7017, 10
7038, 10
7039, 10
7099, 10
7100, 10
7529, 10
7530, 11
7572, 11
7573, 11
7609, 11
7610, 11
7636, 11
7637, 11
7666, 11
7667, 11
7711, 11
7712, 11
7743, 11
7744, 11
7799, 11
7800, 11
7838, 11
7839, 11
7863, 11
7864, 11
7902, 11
7903, 11
8226, 11
8227, 12
8252, 12
8253, 12
8288, 12
8289, 12
8317, 12
8318, 12
8340, 12
8341, 12
8373, 12
8374, 12
8384, 12
8385, 12
8402, 12
8403, 12
8429, 12
8430, 12
8456, 12
8457, 12
8510, 12
8511, 12
8545, 12
8546, 13
8594, 13
8595, 13
8708, 13
8709, 13
8732, 13
8733, 13
8815, 13
8816, 13
8855, 13
8856, 13
8869, 13
8870, 13
8891, 13
8892, 13
8983, 13
8984, 13
9005, 13
9006, 13
9035, 13
9036, 14
9076, 14
9077, 14
9183, 14
9184, 14
9215, 14
9216, 14
9265, 14
9266, 14
9305, 14
9306, 14
9333, 14
9334, 14
9433, 14
9434, 14
9458, 14
9459, 15
9494, 15
9495, 15
9622, 15
9623, 15
9649, 15
9650, 15
9703, 15
9704, 15
9743, 15
9744, 15
9767, 15
9768, 15
9863, 15
9864, 15
9995, 15
9996, 15
10040, 15
10041, 16
10104, 16
10105, 16
10166, 16
10167, 16
10188, 16
10189, 16
10266, 16
10267, 16
10317, 16
10318, 16
10337, 16
10338, 16
10397, 16
10398, 16
10437, 16
10438, 16
10507, 16
10508, 17
10558, 17
10559, 17
10624, 17
10625, 17
10655, 17
10656, 17
10719, 17
10720, 17
10754, 17
10755, 17
10769, 17
10770, 17
10814, 17
10815, 17
11004, 17
11005, 17
11034, 17
11035, 18
11084, 18
11085, 18
11150, 18
11151, 18
11176, 18
11177, 18
11236, 18
11237, 18
11283, 18
11284, 18
11301, 18
11302, 18
11348, 18
11349, 18
11396, 18
11397, 18
11418, 18
11419, 19
11523, 19
11524, 19
11665, 19
11666, 19
11700, 19
11701, 20
11774, 20
11775, 20
11874, 20
11875, 20
11900, 20
11901, 21
11976, 21
11977, 21
12070, 21
12071, 21
12112, 21
12113, 21
12142, 21
12143, 22
12222, 22
12223, 22
12387, 22
12388, 22
12427, 22
12428, 22
12454, 22
12455, 23
12606, 23
12607, 23
12667, 23
12668, 23
12709, 23
12710, 24
12770, 24
12771, 24
12891, 24
12892, 24
12935, 24
12936, 24
12966, 24
12967, 25
13011, 25
13012, 25
13141, 25
13142, 25
13187, 25
13188, 25
13303, 25
13304, 25
13335, 25
13336, 25
13385, 25
13386, 25
13495, 25
13496, 25
13518, 25
13519, 26
13563, 26
13564, 26
13670, 26
13671, 26
13710, 26
13711, 26
13814, 26
13815, 26
13843, 26
13844, 26
13883, 26
13884, 26
13988, 26
13989, 26
14010, 26
14011, 27
14071, 27
14072, 27
14209, 27
14210, 27
14298, 27
14299, 27
14447, 27
14448, 27
14492, 27
14493, 27
14521, 27
14522, 27
14624, 27
14625, 27
14660, 27
14661, 28
14720, 28
14721, 28
14811, 28
14812, 28
14857, 28
14858, 28
14894, 28
14895, 29
14972, 29
14973, 29
15078, 29
15079, 29
15124, 29
15125, 29
15155, 29
15156, 30
15235, 30
15236, 30
15312, 30
15313, 30
15352, 30
15353, 30
15384, 30
15385, 31
15438, 31
15439, 31
15483, 31
15484, 31
15533, 31
15534, 31
15577, 31
15578, 31
15622, 31
15631, 31
15668, 31
15669, 31
15707, 31
15708, 31
15724, 31
15725, 31
15762, 31
15763, 31
15794, 31
15795, 31
15834, 31
15835, 31
15892, 31
15893, 31
15931, 31
15932, 31
15984, 31
15985, 31
16025, 31
16026, 31
16090, 31
16091, 31
16135, 31
16136, 31
16219, 31
16220, 31
16264, 31
16265, 31
16288, 31
16289, 31
16312, 31
16313, 32
16379, 32
16380, 32
16432, 32
16433, 32
16479, 32
16480, 32
16532, 32
16533, 32
16571, 32
16572, 32
16625, 32
16626, 32
16667, 32
16668, 32
16706, 32
16707, 32
16747, 32
16748, 32
16814, 32
16815, 32
16840, 32
16841, 32
16888, 32
16889, 32
16941, 32
16942, 32
16987, 32
16988, 32
17026, 32
17027, 32
17060, 32
17061, 32
17112, 32
17113, 32
17158, 32
17159, 32
17190, 32
17191, 32
17240, 32
17241, 32
17274, 32
17275, 32
17306, 32
17307, 32
17344, 32
17345, 32
17384, 32
17385, 32
17414, 32
17415, 33
17444, 33
17445, 33
17502, 33
17503, 33
17592, 33
17593, 33
17654, 33
17655, 33
17684, 33
17685, 33
17755, 33
17756, 33
17815, 33
17816, 33
17871, 33
17872, 33
17925, 33
17926, 33
17994, 33
17995, 33
18041, 33
18042, 33
18099, 33
18100, 33
18134, 33
18135, 33
18196, 33
18197, 33
18252, 33
18253, 33
18403, 33
18404, 33
18427, 33
18428, 34
18468, 34
18469, 34
18602, 34
18603, 34
18645, 34
18646, 34
18674, 34
18675, 35
18717, 35
18718, 35
18841, 35
18842, 35
18889, 35
18890, 35
18919, 35
18920, 36
18977, 36
18978, 36
19118, 36
19119, 36
19183, 36
19184, 36
19234, 36
19235, 37
19279, 37
19280, 37
19349, 37
19350, 37
19397, 37
19398, 37
19479, 37
19480, 37
19507, 37
19508, 37
19529, 37
19530, 37
19603, 37
19604, 37
19641, 37
19642, 38
19684, 38
19685, 38
19757, 38
19758, 38
19798, 38
19799, 38
19868, 38
19869, 38
19891, 38
19892, 38
19909, 38
19910, 38
19997, 38
19998, 38
20028, 38
20029, 39
20065, 39
20066, 39
20118, 39
20119, 39
20159, 39
20160, 39
20225, 39
20226, 39
20247, 39
20248, 39
20272, 39
20273, 39
20344, 39
20345, 39
20391, 39
20392, 40
20424, 40
20425, 40
20439, 40
20440, 40
20482, 40
20483, 40
20541, 40
20542, 40
20572, 40
20573, 40
20615, 40
20616, 40
20726, 40
20727, 40
20760, 40
20761, 40
20785, 40
20786, 40
20803, 40
20804, 40
20885, 40
20886, 40
20907, 40
20908, 41
20941, 41
20942, 41
21023, 41
21024, 41
21040, 41
21041, 41
21078, 41
21079, 41
21144, 41
21145, 41
21195, 41
21196, 41
21214, 41
21215, 41
21227, 41
21228, 41
21307, 41
21308, 41
21317, 41
21318, 42
21361, 42
21362, 42
21430, 42
21431, 42
21457, 42
21458, 42
21522, 42
21523, 42
21594, 42
21595, 42
21650, 42
21651, 42
21677, 42
21678, 42
21698, 42
21699, 42
21765, 42
21766, 42
21797, 42
21798, 43
21830, 43
21831, 43
21889, 43
21890, 43
21933, 43
21934, 43
21985, 43
21986, 43
22004, 43
22005, 43
22019, 43
22020, 43
22054, 43
22055, 43
22072, 43
22073, 44
22096, 44
22097, 44
22178, 44
22179, 44
22223, 44
22224, 44
22289, 44
22290, 44
22307, 44
22308, 44
22328, 44
22329, 44
22389, 44
22390, 44
22417, 44
22418, 45
22450, 45
22451, 45
22530, 45
22531, 45
22587, 45
22588, 45
22632, 45
22633, 45
22661, 45
22662, 45
22673, 45
22674, 45
22737, 45
22738, 45
22759, 45
22760, 46
22793, 46
22794, 46
22862, 46
22863, 46
22874, 46
22875, 46
22886, 46
22887, 46
22925, 46
22926, 46
22969, 46
22970, 46
23173, 46
23174, 46
23187, 46
23188, 46
23208, 46
23209, 46
23252, 46
23253, 46
23267, 46
23273, 46
23280, 46
23281, 46
23390, 46
23391, 47
23413, 47
23414, 47
23465, 47
23466, 47
23488, 47
23489, 47
23522, 47
23523, 47
23689, 47
23690, 47
23713, 47
23714, 47
23722, 47
23723, 47
23736, 47
23737, 47
23783, 47
23784, 47
23797, 47
23798, 48
23827, 48
23828, 48
23908, 48
23909, 48
23937, 48
23938, 48
23974, 48
23975, 48
24149, 48
24150, 48
24174, 48
24175, 48
24189, 48
24190, 48
24206, 48
24207, 48
24267, 48
24268, 48
24290, 48
24291, 49
24336, 49
24337, 49
24411, 49
24412, 49
24455, 49
24456, 49
24485, 49
24486, 50
24538, 50
24539, 50
24618, 50
24619, 50
24661, 50
24662, 50
24683, 50
24684, 51
24732, 51
24733, 51
24803, 51
24804, 51
24826, 51
24827, 51
24851, 51
24852, 52
24882, 52
24883, 52
25002, 52
25003, 52
25055, 52
25056, 52
25067, 52
25068, 53
25089, 53
25090, 53
25236, 53
25237, 53
25275, 53
25276, 53
25307, 53
25308, 54
25355, 54
25356, 54
25486, 54
25487, 54
25529, 54
25530, 54
25569, 54
25570, 55
25593, 55
25594, 55
25629, 55
25630, 55
25657, 55
25658, 55
25754, 55
25755, 55
25800, 55
25801, 55
25817, 55
25818, 55
25837, 55
25838, 55
25863, 55
25864, 55
25879, 55
25880, 55
26050, 55
26051, 55
26073, 55
26074, 55
26093, 55
26094, 55
26111, 55
26112, 55
26144, 55
26145, 55
26159, 55
26160, 56
26188, 56
26189, 56
26222, 56
26223, 56
26250, 56
26251, 56
26261, 56
26262, 56
26298, 56
26299, 56
26334, 56
26335, 56
26376, 56
26377, 56
26437, 56
26438, 56
26517, 56
26518, 57
26542, 57
26543, 57
26565, 57
26566, 57
26616, 57
26617, 57
26641, 57
26642, 57
26661, 57
26662, 57
26681, 57
26682, 57
26707, 57
26708, 57
26749, 57
26750, 57
26838, 57
26839, 57
26886, 57
26887, 57
26910, 57
26911, 57
26952, 57
26953, 57
26973, 57
26974, 57
26996, 57
26997, 57
27036, 57
27037, 57
27042, 57
27043, 57
27066, 57
27067, 58
27134, 58
27135, 58
27270, 58
27271, 58
27321, 58
27322, 58
27361, 58
27362, 59
27400, 59
27401, 59
27420, 59
27421, 59
27509, 59
27510, 59
27548, 59
27549, 59
27577, 59
27578, 60
27601, 60
27602, 60
27686, 60
27687, 60
27714, 60
27715, 60
27732, 60
27733, 61
27777, 61
27778, 61
27847, 61
27848, 61
27873, 61
27874, 61
27891, 61
27892, 62
27938, 62
27939, 62
28038, 62
28039, 62
28069, 62
28070, 63
28115, 63
28116, 63
28187, 63
28188, 63
28212, 63
28213, 63
28249, 63
28250, 64
28298, 64
28299, 64
28370, 64
28371, 64
28409, 64
28410, 64
28450, 64
28451, 64
28483, 64
28484, 64
28491, 64
28492, 64
28545, 64
28546, 64
28574, 64
28575, 65
28643, 65
28644, 65
28724, 65
28725, 65
28782, 65
28783, 65
28854, 65
28855, 65
28885, 65
28886, 65
28911, 65
28912, 65
28986, 65
28987, 65
29016, 65
29017, 66
29066, 66
29067, 66
29162, 66
29163, 66
29198, 66
29199, 66
29260, 66
29261, 66
29291, 66
29292, 66
29301, 66
29302, 66
29362, 66
29363, 66
29402, 66
29403, 67
29447, 67
29448, 67
29567, 67
29568, 67
29594, 67
29595, 67
29640, 67
29641, 67
29787, 67
29788, 67
29801, 67
29802, 67
29819, 67
29820, 67
29839, 67
29840, 67
29893, 67
29894, 67
29923, 67
29924, 68
30000, 68
30001, 68
30035, 68
30036, 68
30116, 68
30117, 68
30133, 68
30134, 68
30183, 68
30184, 68
30330, 68
30331, 68
30354, 68
30355, 68
30371, 68
30372, 68
30397, 68
30398, 68
30475, 68
30476, 68
30507, 68
30508, 69
30553, 69
30554, 69
30640, 69
30641, 69
30653, 69
30654, 69
30692, 69
30693, 69
30891, 69
30892, 69
30908, 69
30909, 69
30923, 69
30924, 69
30938, 69
30939, 69
31005, 69
31006, 69
31088, 69
31089, 70
31105, 70
31106, 70
31139, 70
31140, 70
31160, 70
31161, 70
31199, 70
31200, 70
31245, 70
31246, 70
31281, 70
31282, 70
31337, 70
31338, 70
31350, 70
31351, 70
31375, 70
31376, 70
31389, 70
31390, 70
31449, 70
31450, 70
31463, 70
31464, 71
31522, 71
31523, 71
31565, 71
31566, 71
31621, 71
31622, 71
31652, 71
31653, 71
31682, 71
31683, 71
31710, 71
31711, 71
31747, 71
31748, 71
31828, 71
31829, 71
31871, 71
31872, 71
31907, 71
31908, 71
31916, 71
31917, 71
31933, 71
31934, 71
31978, 71
31979, 71
32003, 71
32004, 71
32039, 71
32040, 71
32080, 71
32081, 71
32107, 71
32108, 72
32140, 72
32141, 72
32186, 72
32187, 72
32234, 72
32235, 72
32264, 72
32265, 72
32292, 72
32293, 72
32302, 72
32303, 72
32321, 72
32322, 72
32365, 72
32366, 72
32454, 72
32455, 72
32494, 72
32495, 72
32517, 72
32518, 72
32554, 72
32555, 72
32570, 72
32571, 72
32587, 72
32588, 72
32613, 72
32614, 72
32638, 72
32639, 73
32690, 73
32691, 73
32766, 73
32767, 73
32792, 73
32793, 73
32920, 73
32921, 73
33136, 73
33137, 73
33143, 73
33144, 73
33153, 73
33154, 73
33302, 73
33303, 73
33383, 73
33384, 74
33435, 74
33436, 74
33490, 74
33491, 74
33513, 74
33514, 74
33600, 74
33601, 74
33784, 74
33785, 74
33858, 74
33859, 74
33867, 74
33868, 74
33885, 74
33886, 74
33982, 74
33983, 74
33998, 74
33999, 75
34034, 75
34035, 75
34095, 75
34096, 75
34118, 75
34119, 75
34198, 75
34199, 75
34469, 75
34470, 75
34523, 75
34524, 75
34542, 75
34543, 75
34606, 75
34607, 75
34632, 75
34633, 76
34703, 76
34704, 76
34727, 76
34728, 76
34837, 76
34838, 76
34928, 76
34929, 76
34988, 76
34989, 76
35084, 76
35085, 76
35105, 76
35106, 76
35165, 76
35166, 76
35176, 76
35177, 76
35252, 76
35253, 76
35320, 76
35321, 76
35372, 76
35373, 76
35462, 76
35463, 76
35494, 76
35495, 76
35541, 76
35542, 76
35569, 76
35570, 77
35645, 77
35646, 77
35726, 77
35727, 77
35829, 77
35830, 77
35858, 77
35859, 77
35918, 77
35919, 77
35957, 77
35958, 77
35993, 77
35994, 77
36057, 77
36058, 77
36183, 77
36184, 77
36244, 77
36245, 77
36328, 77
36329, 77
36361, 77
36362, 77
36415, 77
36416, 77
36450, 77
36451, 77
36538, 77
36539, 77
36570, 77
36571, 77
36649, 77
36650, 77
36702, 77
36703, 77
36769, 77
36770, 77
36809, 77
36810, 77
36839, 77
36840, 77
36858, 77
36859, 78
36941, 78
36942, 78
37042, 78
37043, 78
37090, 78
37091, 78
37172, 78
37173, 78
37219, 78
37220, 78
37280, 78
37281, 78
37310, 78
37311, 78
37399, 78
37400, 78
37425, 78
37426, 78
37489, 78
37490, 78
37508, 78
37509, 78
37583, 78
37584, 78
37650, 78
37651, 78
37732, 78
37733, 78
37765, 78
37766, 78
37825, 78
37826, 78
37867, 78
37897, 78
37917, 78
37918, 79
37962, 79
37963, 79
37988, 79
37989, 79
38077, 79
38078, 79
38164, 79
38165, 79
38233, 79
38234, 79
38261, 79
38262, 79
38296, 79
38297, 79
38409, 79
38410, 79
38494, 79
38495, 79
38649, 79
38650, 79
38679, 79
38699, 79
38720, 79
38721, 80
38744, 80
38745, 80
38768, 80
38769, 80
38826, 80
38827, 80
38884, 80
38885, 80
38909, 80
38910, 80
38933, 80
38934, 80
38953, 80
38954, 80
39042, 80
39043, 80
39131, 80
39132, 80
39197, 80
39198, 80
39229, 80
39249, 80
39279, 80
39280, 81
39307, 81
39308, 81
39342, 81
39343, 81
39415, 81
39416, 81
39476, 81
39477, 81
39494, 81
39495, 81
39533, 81
39534, 81
39569, 81
39570, 81
39602, 81
39603, 81
39671, 81
39672, 81
39693, 81
39694, 81
39724, 81
39754, 81
39779, 81
39780, 82
39814, 82
39815, 82
39835, 82
39836, 82
39916, 82
39917, 82
39983, 82
39984, 82
40000, 82
40001, 82
40017, 82
40018, 82
40036, 82
40037, 82
40127, 82
40128, 82
40211, 82
40212, 82
40307, 82
40308, 82
40334, 82
40359, 82
40389, 82
40390, 83
40547, 83
40548, 83
40571, 83
40572, 83
40639, 83
40640, 83
40649, 83
40650, 83
40678, 83
40679, 83
40718, 83
40719, 83
40758, 83
40759, 83
40774, 83
40775, 83
40809, 83
40824, 83
40865, 83
40866, 84
41063, 84
41064, 84
41084, 84
41085, 84
41159, 84
41160, 84
41187, 84
41188, 84
41214, 84
41215, 84
41252, 84
41253, 84
41311, 84
41312, 84
41331, 84
41332, 84
41394, 84
41419, 84
41444, 84
41445, 85
41599, 85
41600, 85
41624, 85
41625, 85
41658, 85
41659, 85
41674, 85
41675, 85
41698, 85
41699, 85
41721, 85
41722, 85
41771, 85
41772, 85
41797, 85
41798, 85
41849, 85
41850, 85
41874, 85
41875, 86
41899, 86
41900, 86
41957, 86
41958, 86
42006, 86
42007, 86
42032, 86
42033, 86
42069, 86
42070, 86
42116, 86
42117, 86
42140, 86
42141, 86
42172, 86
42173, 87
42220, 87
42221, 87
42264, 87
42265, 87
42304, 87
42305, 87
42346, 87
42347, 87
42400, 87
42401, 87
42434, 87
42435, 87
42450, 87
42451, 87
42484, 87
42485, 87
42542, 87
42543, 87
42570, 87
42571, 87
42587, 87
42588, 87
42627, 87
42628, 88
42656, 88
42657, 88
42722, 88
42723, 88
42787, 88
42788, 88
42816, 88
42817, 88
42836, 88
42837, 89
42874, 89
42875, 89
42938, 89
42939, 89
42967, 89
42967, 89
42985, 89
42986, 89
43015, 89
43016, 90
43050, 90
43051, 90
43084, 90
43085, 90
43108, 90
43109, 90
43126, 90
43127, 90
43178, 90
43179, 90
43210, 90
43211, 90
43245, 90
43246, 90
43300, 90
43301, 90
43322, 90
43323, 90
43359, 90
43360, 90
43379, 90
43380, 91
43421, 91
43422, 91
43471, 91
43472, 91
43501, 91
43502, 91
43513, 91
43514, 91
43576, 91
43577, 91
43605, 91
43606, 91
43639, 91
43659, 91
43724, 91
43725, 92
43747, 92
43748, 92
43787, 92
43788, 92
43854, 92
43855, 92
43921, 92
43922, 92
43957, 92
43958, 92
43989, 92
43990, 92
44007, 92
44008, 92
44034, 92
44035, 92
44092, 92
44093, 92
44129, 92
44130, 92
44148, 92
44188, 92
44245, 92
44246, 93
44280, 93
44281, 93
44323, 93
44324, 93
44354, 93
44355, 93
44448, 93
44449, 93
44472, 93
44473, 93
44488, 93
44489, 93
44521, 93
44522, 93
44630, 93
44631, 93
44726, 93
44727, 93
44827, 93
44828, 93
44873, 93
44893, 93
44937, 93
44938, 94
44966, 94
44967, 94
44997, 94
44998, 94
45006, 94
45007, 94
45053, 94
45054, 94
45077, 94
45078, 94
45128, 94
45129, 94
45156, 94
45157, 94
45235, 94
45236, 94
45299, 94
45300, 94
45328, 94
45329, 94
45373, 94
45393, 94
45438, 94
45439, 95
45462, 95
45463, 95
45496, 95
45497, 95
45533, 95
45534, 95
45608, 95
45609, 95
45638, 95
45639, 95
45668, 95
45680, 95
45688, 95
45689, 95
45769, 95
45770, 95
45843, 95
45844, 95
45902, 95
45903, 95
45933, 95
45993, 95
46033, 95
46034, 96
46158, 96
46159, 96
46172, 96
46173, 96
46239, 96
46240, 96
46247, 96
46248, 96
46251, 96
46252, 96
46280, 96
46281, 96
46328, 96
46329, 96
46343, 96
46344, 96
46383, 96
46433, 96
46468, 96
46469, 97
46543, 97
46544, 97
46604, 97
46605, 98
46643, 98
46644, 98
46687, 98
46688, 98
46741, 98
46742, 98
46779, 98
46780, 98
46855, 98
46856, 98
46903, 98
46904, 98
46943, 98
46944, 98
47005, 98
47006, 98
47049, 98
47050, 98
47091, 98
47092, 98
47157, 98
47158, 99
47191, 99
47192, 99
47226, 99
47227, 99
47278, 99
47279, 99
47305, 99
47306, 99
47334, 99
47335, 99
47379, 99
47380, 99
47428, 99
47429, 99
47466, 99
47467, 99
47526, 99
47527, 100
47560, 100
47561, 100
47602, 100
47603, 100
47657, 100
47658, 100
47693, 100
47694, 100
47741, 100
47742, 100
47808, 100
47809, 100
47845, 100
47846, 100
47897, 100
47898, 100
47946, 100
47947, 100
47980, 100
47981, 100
47996, 100
47997, 100
48042, 100
48043, 100
48066, 100
48067, 100
48115, 100
48116, 101
48140, 101
48141, 101
48181, 101
48182, 101
48214, 101
48215, 101
48235, 101
48236, 101
48272, 101
48273, 101
48322, 101
48323, 101
48349, 101
48350, 101
48364, 101
48365, 101
48414, 101
48415, 101
48460, 101
48461, 101
48502, 101
48503, 101
48554, 101
48555, 101
48606, 101
48607, 102
48637, 102
48638, 102
48727, 102
48728, 102
48774, 102
48775, 102
48842, 102
48843, 102
48890, 102
48891, 102
48934, 102
48935, 102
48981, 102
48982, 102
49026, 102
49027, 103
49078, 103
49079, 103
49130, 103
49131, 103
49183, 103
49184, 103
49227, 103
49228, 103
49279, 103
49280, 103
49319, 103
49320, 103
49351, 103
49352, 103
49422, 103
49423, 103
49461, 103
49462, 103
49498, 103
49499, 103
49547, 103
49548, 104
49588, 104
49589, 104
49737, 104
49738, 104
49788, 104
49789, 104
49918, 104
49919, 104
49988, 104
49989, 104
50033, 104
50034, 104
50117, 104
50118, 104
50142, 104
50143, 104
50197, 104
50198, 105
50252, 105
50253, 105
50407, 105
50408, 105
50442, 105
50443, 105
50582, 105
50583, 105
50646, 105
50647, 105
50665, 105
50666, 105
50759, 105
50760, 105
50816, 105
50817, 105
50865, 105
50866, 106
50895, 106
50896, 106
51035, 106
51036, 106
51064, 106
51065, 106
51186, 106
51187, 106
51238, 106
51239, 106
51254, 106
51255, 106
51346, 106
51347, 106
51384, 106
51429, 106
51454, 106
51455, 107
51489, 107
51490, 107
51517, 107
51518, 107
51554, 107
51555, 107
51619, 107
51620, 107
51648, 107
51649, 107
51681, 107
51682, 107
51701, 107
51702, 107
51796, 107
51797, 107
51924, 107
51925, 107
51978, 107
51979, 107
52044, 107
52084, 107
52111, 107
52112, 108
52164, 108
52165, 108
52194, 108
52195, 108
52269, 108
52270, 108
52324, 108
52325, 108
52410, 108
52411, 108
52442, 108
52443, 108
52470, 108
52471, 108
52596, 108
52597, 108
52669, 108
52670, 108
52761, 108
52762, 108
52798, 108
52838, 108
52869, 108
52870, 109
52912, 109
52913, 109
52946, 109
52947, 109
53101, 109
53102, 109
53191, 109
53192, 109
53250, 109
53251, 109
53302, 109
53303, 109
53335, 109
53336, 109
53467, 109
53468, 109
53614, 109
53615, 109
53750, 109
53751, 109
53774, 109
53814, 109
53844, 109
53845, 110
53894, 110
53895, 110
53928, 110
53929, 110
54033, 110
54034, 110
54106, 110
54107, 110
54151, 110
54152, 110
54191, 110
54192, 110
54219, 110
54220, 110
54337, 110
54338, 110
54435, 110
54436, 110
54557, 110
54558, 110
54584, 110
54624, 110
54653, 110
54654, 111
54730, 111
54831, 111
54941, 111
54942, 111
54954, 111
54955, 111
55027, 111
55028, 111
55041, 111
55042, 111
55088, 111
55089, 111
55119, 111
55120, 111
55189, 111
55190, 111
55232, 111
55233, 111
55274, 111
55275, 111
55299, 111
55329, 111
55359, 111
55360, 112
55436, 112
55437, 112
55450, 112
55451, 112
55504, 112
55505, 112
55527, 112
55528, 112
55569, 112
55570, 112
55593, 112
55594, 112
55661, 112
55662, 112
55720, 112
55721, 112
55771, 112
55772, 112
55821, 112
55871, 112
55911, 112
55912, 113
55991, 113
55992, 113
56004, 113
56005, 113
56056, 113
56057, 113
56081, 113
56082, 113
56139, 113
56140, 113
56200, 113
56201, 113
56270, 113
56271, 113
56321, 113
56322, 113
56370, 113
56371, 113
56423, 113
56424, 114
56456, 114
56457, 114
56528, 114
56529, 114
56585, 114
56586, 114
56618, 114
56619, 114
56673, 114
56674, 114
56728, 114
56729, 114
56762, 114
56763, 114
56815, 114
56816, 114
56882, 114
56883, 114
56904, 114
56905, 114
56953, 114
56954, 114
57018, 114
57019, 114
57065, 114
57066, 114
57111, 114
57112, 115
57140, 115
57141, 115
57191, 115
57192, 115
57223, 115
57224, 115
57234, 115
57235, 115
57292, 115
57293, 115
57329, 115
57330, 115
57390, 115
57391, 115
57451, 115
57452, 115
57482, 115
57483, 115
57531, 115
57532, 116
57559, 116
57560, 116
57624, 116
57625, 116
57720, 116
57721, 116
57747, 116
57748, 116
57790, 116
57791, 116
57856, 116
57857, 116
57891, 116
57892, 116
57926, 116
57927, 117
57960, 117
57961, 117
58015, 117
58016, 117
58046, 117
58047, 117
58080, 117
58081, 117
58161, 117
58162, 117
58208, 117
58209, 117
58249, 117
58250, 117
58264, 117
58265, 117
58301, 117
58302, 118
58326, 118
58327, 118
58404, 118
58405, 118
58454, 118
58455, 118
58494, 118
58495, 118
58544, 118
58545, 118
58580, 118
58581, 118
58604, 118
58605, 118
58671, 118
58672, 118
58705, 118
58706, 118
58726, 118
58727, 118
58778, 118
58779, 118
58827, 118
58831, 118
58848, 118
58849, 118
58880, 118
58881, 118
58914, 118
58915, 119
58961, 119
58962, 119
59016, 119
59017, 119
59047, 119
59048, 119
59075, 119
59076, 119
59118, 119
59119, 119
59153, 119
59154, 119
59185, 119
59186, 119
59224, 119
59225, 119
59262, 119
59263, 119
59280, 119
59281, 119
59303, 119
59304, 119
59323, 119
59324, 119
59357, 119
59358, 119
59427, 119
59428, 120
59472, 120
59473, 120
59520, 120
59521, 120
59569, 120
59570, 120
59653, 120
59654, 120
59721, 120
59722, 120
59757, 120
59758, 120
59857, 120
59858, 120
59883, 120
59884, 120
59933, 120
59934, 121
59971, 121
59972, 121
60077, 121
60078, 121
60107, 121
60108, 121
60189, 121
60190, 121
60237, 121
60238, 121
60266, 121
60267, 121
60353, 121
60354, 121
60394, 121
60395, 121
60429, 121
60430, 122
60479, 122
60480, 122
60569, 122
60570, 122
60609, 122
60610, 122
60691, 122
60692, 122
60752, 122
60753, 122
60780, 122
60781, 122
60872, 122
60873, 122
60908, 122
